,id,season,city,date,home_team,away_team,toss_winner,toss_decision,venue,winner,weight_home,weight_away,totMatch_home,totMatch_away,playerPtsSum_home,playerPtsSum_away
0,1,2008,Bangalore,18-04-2008,KKR,RCB,RCB,field,M Chinnaswamy Stadium,KKR,0,0,13,14,0,0
1,2,2008,Chandigarh,19-04-2008,CSK,KXIP,CSK,bat,"Punjab Cricket Association Stadium, Mohali",CSK,0,0,16,15,0,0
2,3,2008,Delhi,19-04-2008,RR,DD,RR,bat,Feroz Shah Kotla,DD,0,0,16,14,0,0
3,4,2008,Mumbai,20-04-2008,MI,RCB,MI,bat,Wankhede Stadium,RCB,0,0,14,14,0,0
4,5,2008,Kolkata,20-04-2008,DC,KKR,DC,bat,Eden Gardens,KKR,0,0,14,13,0,0
5,6,2008,Jaipur,21-04-2008,KXIP,RR,KXIP,bat,Sawai Mansingh Stadium,RR,0,0,15,16,0,0
6,7,2008,Hyderabad,22-04-2008,DC,DD,DC,bat,"Rajiv Gandhi International Stadium, Uppal",DD,0,0,14,14,0,0
7,8,2008,Chennai,23-04-2008,CSK,MI,MI,field,"MA Chidambaram Stadium, Chepauk",CSK,0,0,16,14,0,0
8,9,2008,Hyderabad,24-04-2008,DC,RR,RR,field,"Rajiv Gandhi International Stadium, Uppal",RR,0,0,14,16,0,0
9,10,2008,Chandigarh,25-04-2008,KXIP,MI,MI,field,"Punjab Cricket Association Stadium, Mohali",KXIP,0,0,15,14,0,0
10,11,2008,Bangalore,26-04-2008,RCB,RR,RR,field,M Chinnaswamy Stadium,RR,0,0,14,16,0,0
11,12,2008,Chennai,26-04-2008,KKR,CSK,KKR,bat,"MA Chidambaram Stadium, Chepauk",CSK,0,0,13,16,0,0
12,13,2008,Mumbai,27-04-2008,MI,DC,DC,field,Dr DY Patil Sports Academy,DC,0,0,14,14,0,0
13,14,2008,Chandigarh,27-04-2008,DD,KXIP,DD,bat,"Punjab Cricket Association Stadium, Mohali",KXIP,0,0,14,15,0,0
14,15,2008,Bangalore,28-04-2008,CSK,RCB,CSK,bat,M Chinnaswamy Stadium,CSK,0,0,16,14,0,0
15,16,2008,Kolkata,29-04-2008,KKR,MI,KKR,bat,Eden Gardens,MI,0,0,13,14,0,0
16,17,2008,Delhi,30-04-2008,DD,RCB,RCB,field,Feroz Shah Kotla,DD,0,0,14,14,0,0
17,18,2008,Hyderabad,01-05-2008,DC,KXIP,KXIP,field,"Rajiv Gandhi International Stadium, Uppal",KXIP,0,0,14,15,0,0
18,19,2008,Jaipur,01-05-2008,RR,KKR,RR,bat,Sawai Mansingh Stadium,RR,0,0,16,13,0,0
19,20,2008,Chennai,02-05-2008,CSK,DD,CSK,bat,"MA Chidambaram Stadium, Chepauk",DD,0,0,16,14,0,0
20,21,2008,Hyderabad,25-05-2008,DC,RCB,DC,bat,"Rajiv Gandhi International Stadium, Uppal",RCB,0,0,14,14,0,0
21,22,2008,Chandigarh,03-05-2008,KXIP,KKR,KXIP,bat,"Punjab Cricket Association Stadium, Mohali",KXIP,0,0,15,13,0,0
22,23,2008,Mumbai,04-05-2008,MI,DD,DD,field,Dr DY Patil Sports Academy,MI,0,0,14,14,0,0
23,24,2008,Jaipur,04-05-2008,CSK,RR,CSK,bat,Sawai Mansingh Stadium,RR,0,0,16,16,0,0
24,25,2008,Bangalore,05-05-2008,RCB,KXIP,KXIP,field,M Chinnaswamy Stadium,KXIP,0,0,14,15,0,0
25,26,2008,Chennai,06-05-2008,CSK,DC,DC,field,"MA Chidambaram Stadium, Chepauk",DC,0,0,16,14,0,0
26,27,2008,Mumbai,07-05-2008,RR,MI,MI,field,Dr DY Patil Sports Academy,MI,0,0,16,14,0,0
27,28,2008,Delhi,08-05-2008,DD,CSK,CSK,field,Feroz Shah Kotla,CSK,0,0,14,16,0,0
28,29,2008,Kolkata,08-05-2008,KKR,RCB,KKR,bat,Eden Gardens,KKR,0,0,13,14,0,0
29,30,2008,Jaipur,09-05-2008,DC,RR,RR,field,Sawai Mansingh Stadium,RR,0,0,14,16,0,0
30,31,2008,Bangalore,28-05-2008,RCB,MI,MI,field,M Chinnaswamy Stadium,MI,0,0,14,14,0,0
31,32,2008,Chennai,10-05-2008,CSK,KXIP,KXIP,field,"MA Chidambaram Stadium, Chepauk",CSK,0,0,16,15,0,0
32,33,2008,Hyderabad,11-05-2008,KKR,DC,KKR,bat,"Rajiv Gandhi International Stadium, Uppal",KKR,0,0,13,14,0,0
33,34,2008,Jaipur,11-05-2008,DD,RR,RR,field,Sawai Mansingh Stadium,RR,0,0,14,16,0,0
34,35,2008,Chandigarh,12-05-2008,RCB,KXIP,RCB,bat,"Punjab Cricket Association Stadium, Mohali",KXIP,0,0,14,15,0,0
35,36,2008,Kolkata,13-05-2008,KKR,DD,KKR,bat,Eden Gardens,KKR,0,0,13,14,0,0
36,37,2008,Mumbai,14-05-2008,CSK,MI,MI,field,Wankhede Stadium,MI,0,0,16,14,0,0
37,38,2008,Chandigarh,28-05-2008,KXIP,RR,RR,field,"Punjab Cricket Association Stadium, Mohali",KXIP,0,0,15,16,0,0
38,39,2008,Delhi,15-05-2008,DD,DC,DC,field,Feroz Shah Kotla,DD,0,0,14,14,0,0
39,40,2008,Mumbai,16-05-2008,KKR,MI,MI,field,Wankhede Stadium,MI,0,0,13,14,0,0
40,41,2008,Delhi,17-05-2008,DD,KXIP,DD,bat,Feroz Shah Kotla,KXIP,0,0,14,15,0,0
41,42,2008,Jaipur,17-05-2008,RR,RCB,RCB,field,Sawai Mansingh Stadium,RR,0,0,16,14,0,0
42,43,2008,Hyderabad,18-05-2008,MI,DC,DC,field,"Rajiv Gandhi International Stadium, Uppal",MI,0,0,14,14,0,0
43,44,2008,Kolkata,18-05-2008,KKR,CSK,KKR,bat,Eden Gardens,CSK,0,0,13,16,0,0
44,45,2008,Bangalore,19-05-2008,RCB,DD,DD,field,M Chinnaswamy Stadium,DD,0,0,14,14,0,0
45,46,2008,Kolkata,20-05-2008,KKR,RR,RR,field,Eden Gardens,RR,0,0,13,16,0,0
46,47,2008,Mumbai,21-05-2008,KXIP,MI,MI,field,Wankhede Stadium,KXIP,0,0,15,14,0,0
47,48,2008,Chennai,21-05-2008,RCB,CSK,RCB,bat,"MA Chidambaram Stadium, Chepauk",RCB,0,0,14,16,0,0
48,49,2008,Chandigarh,23-05-2008,DC,KXIP,KXIP,field,"Punjab Cricket Association Stadium, Mohali",KXIP,0,0,14,15,0,0
49,50,2008,Delhi,24-05-2008,MI,DD,DD,field,Feroz Shah Kotla,DD,0,0,14,14,0,0
50,51,2008,Chennai,24-05-2008,RR,CSK,RR,bat,"MA Chidambaram Stadium, Chepauk",RR,0,0,16,16,0,0
51,52,2008,Bangalore,03-05-2008,RCB,DC,DC,field,M Chinnaswamy Stadium,RCB,0,0,14,14,0,0
52,53,2008,Kolkata,25-05-2008,KXIP,KKR,KXIP,bat,Eden Gardens,KKR,0,0,15,13,0,0
53,54,2008,Jaipur,26-05-2008,MI,RR,RR,field,Sawai Mansingh Stadium,RR,0,0,14,16,0,0
54,55,2008,Hyderabad,27-05-2008,DC,CSK,DC,bat,"Rajiv Gandhi International Stadium, Uppal",CSK,0,0,14,16,0,0
55,56,2008,Mumbai,30-05-2008,RR,DD,DD,field,Wankhede Stadium,RR,0,0,16,14,0,0
56,57,2008,Mumbai,31-05-2008,KXIP,CSK,KXIP,bat,Wankhede Stadium,CSK,0,0,15,16,0,0
57,58,2008,Mumbai,01-06-2008,CSK,RR,RR,field,Dr DY Patil Sports Academy,RR,0,0,16,16,0,0
58,59,2009,Cape Town,18-04-2009,MI,CSK,CSK,field,Newlands,MI,0,0,13,14,0,0
59,60,2009,Cape Town,18-04-2009,RCB,RR,RCB,bat,Newlands,RCB,0,0,16,13,0,0
60,61,2009,Cape Town,19-04-2009,KXIP,DD,DD,field,Newlands,DD,0,0,14,15,0,0
61,62,2009,Cape Town,19-04-2009,KKR,DC,KKR,bat,Newlands,DC,0,0,13,16,0,0
62,63,2009,Port Elizabeth,20-04-2009,CSK,RCB,CSK,bat,St George's Park,CSK,0,0,14,16,0,0
63,64,2009,Durban,21-04-2009,KXIP,KKR,KKR,field,Kingsmead,KKR,0,0,14,13,0,0
64,65,2009,Cape Town,22-04-2009,DC,RCB,DC,bat,Newlands,DC,0,0,16,16,0,0
65,66,2009,Durban,23-04-2009,DD,CSK,DD,bat,Kingsmead,DD,0,0,15,14,0,0
66,67,2009,Cape Town,23-04-2009,RR,KKR,KKR,field,Newlands,RR,0,0,13,13,0,0
67,68,2009,Durban,24-04-2009,RCB,KXIP,RCB,bat,Kingsmead,KXIP,0,0,16,14,0,0
68,69,2009,Durban,25-04-2009,DC,MI,DC,bat,Kingsmead,DC,0,0,16,13,0,0
69,70,2009,Port Elizabeth,26-04-2009,RCB,DD,RCB,bat,St George's Park,DD,0,0,16,15,0,0
70,71,2009,Cape Town,26-04-2009,KXIP,RR,KXIP,bat,Newlands,KXIP,0,0,14,13,0,0
71,72,2009,Durban,27-04-2009,CSK,DC,DC,field,Kingsmead,DC,0,0,14,16,0,0
72,73,2009,Port Elizabeth,27-04-2009,MI,KKR,MI,bat,St George's Park,MI,0,0,13,13,0,0
73,74,2009,Centurion,28-04-2009,DD,RR,DD,bat,SuperSport Park,RR,0,0,15,13,0,0
74,75,2009,Durban,29-04-2009,KKR,RCB,KKR,bat,Kingsmead,RCB,0,0,13,16,0,0
75,76,2009,Durban,29-04-2009,KXIP,MI,KXIP,bat,Kingsmead,KXIP,0,0,14,13,0,0
76,77,2009,Centurion,30-04-2009,DC,DD,DD,field,SuperSport Park,DD,0,0,16,15,0,0
77,78,2009,Centurion,30-04-2009,CSK,RR,RR,field,SuperSport Park,CSK,0,0,14,13,0,0
78,79,2009,East London,01-05-2009,MI,KKR,MI,bat,Buffalo Park,MI,0,0,13,13,0,0
79,80,2009,Durban,01-05-2009,RCB,KXIP,RCB,bat,Kingsmead,RCB,0,0,16,14,0,0
80,81,2009,Port Elizabeth,02-05-2009,DC,RR,DC,bat,St George's Park,RR,0,0,16,13,0,0
81,82,2009,Johannesburg,02-05-2009,CSK,DD,DD,field,New Wanderers Stadium,CSK,0,0,14,15,0,0
82,83,2009,Port Elizabeth,03-05-2009,KKR,KXIP,KKR,bat,St George's Park,KXIP,0,0,13,14,0,0
83,84,2009,Johannesburg,03-05-2009,MI,RCB,MI,bat,New Wanderers Stadium,RCB,0,0,13,16,0,0
84,85,2009,East London,04-05-2009,CSK,DC,CSK,bat,Buffalo Park,CSK,0,0,14,16,0,0
85,86,2009,Durban,05-05-2009,RR,KXIP,KXIP,field,Kingsmead,RR,0,0,13,14,0,0
86,87,2009,Durban,05-05-2009,KKR,DD,KKR,bat,Kingsmead,DD,0,0,13,15,0,0
87,88,2009,Centurion,06-05-2009,DC,MI,DC,bat,SuperSport Park,DC,0,0,16,13,0,0
88,89,2009,Centurion,07-05-2009,RCB,RR,RR,field,SuperSport Park,RR,0,0,16,13,0,0
89,90,2009,Centurion,07-05-2009,CSK,KXIP,CSK,bat,SuperSport Park,CSK,0,0,14,14,0,0
90,91,2009,East London,08-05-2009,MI,DD,MI,bat,Buffalo Park,DD,0,0,13,15,0,0
91,92,2009,Kimberley,09-05-2009,DC,KXIP,KXIP,field,De Beers Diamond Oval,KXIP,0,0,16,14,0,0
92,93,2009,Kimberley,09-05-2009,RR,CSK,RR,bat,De Beers Diamond Oval,CSK,0,0,13,14,0,0
93,94,2009,Port Elizabeth,10-05-2009,MI,RCB,MI,bat,St George's Park,MI,0,0,13,16,0,0
94,95,2009,Johannesburg,10-05-2009,KKR,DD,DD,field,New Wanderers Stadium,DD,0,0,13,15,0,0
95,96,2009,Kimberley,11-05-2009,DC,RR,DC,bat,De Beers Diamond Oval,DC,0,0,16,13,0,0
96,97,2009,Centurion,12-05-2009,KKR,RCB,RCB,field,SuperSport Park,RCB,0,0,13,16,0,0
97,98,2009,Centurion,12-05-2009,KXIP,MI,KXIP,bat,SuperSport Park,MI,0,0,14,13,0,0
98,99,2009,Durban,13-05-2009,DD,DC,DC,field,Kingsmead,DD,0,0,15,16,0,0
99,100,2009,Durban,14-05-2009,CSK,RCB,CSK,bat,Kingsmead,RCB,0,0,14,16,0,0
100,101,2009,Durban,14-05-2009,RR,MI,RR,bat,Kingsmead,RR,0,0,13,13,0,0
101,102,2009,Bloemfontein,15-05-2009,DD,KXIP,KXIP,field,OUTsurance Oval,KXIP,0,0,15,14,0,0
102,103,2009,Port Elizabeth,16-05-2009,MI,CSK,MI,bat,St George's Park,CSK,0,0,13,14,0,0
103,104,2009,Johannesburg,16-05-2009,KKR,DC,DC,field,New Wanderers Stadium,DC,0,0,13,16,0,0
104,105,2009,Johannesburg,17-05-2009,KXIP,DC,DC,field,New Wanderers Stadium,KXIP,0,0,14,16,0,0
105,106,2009,Bloemfontein,17-05-2009,DD,RR,DD,bat,OUTsurance Oval,DD,0,0,15,13,0,0
106,107,2009,Centurion,18-05-2009,CSK,KKR,CSK,bat,SuperSport Park,KKR,0,0,14,13,0,0
107,108,2009,Johannesburg,19-05-2009,DD,RCB,DD,bat,New Wanderers Stadium,RCB,0,0,15,16,0,0
108,109,2009,Durban,20-05-2009,RR,KKR,KKR,field,Kingsmead,KKR,0,0,13,13,0,0
109,110,2009,Durban,20-05-2009,CSK,KXIP,CSK,bat,Kingsmead,CSK,0,0,14,14,0,0
110,111,2009,Centurion,21-05-2009,MI,DD,DD,field,SuperSport Park,DD,0,0,13,15,0,0
111,112,2009,Centurion,21-05-2009,RCB,DC,RCB,bat,SuperSport Park,RCB,0,0,16,16,0,0
112,113,2009,Centurion,22-05-2009,DD,DC,DC,field,SuperSport Park,DC,0,0,15,16,0,0
113,114,2009,Johannesburg,23-05-2009,CSK,RCB,RCB,field,New Wanderers Stadium,RCB,0,0,14,16,0,0
114,115,2009,Johannesburg,24-05-2009,DC,RCB,RCB,field,New Wanderers Stadium,DC,0,0,16,16,0,0
115,116,2010,Mumbai,12-03-2010,KKR,DC,DC,field,Dr DY Patil Sports Academy,KKR,0,0,14,16,0,0
116,117,2010,Mumbai,13-03-2010,MI,RR,MI,bat,Brabourne Stadium,MI,0,0,16,14,0,0
117,118,2010,Chandigarh,13-03-2010,KXIP,DD,DD,field,"Punjab Cricket Association Stadium, Mohali",DD,0,0,14,14,0,0
118,119,2010,Kolkata,14-03-2010,RCB,KKR,KKR,field,Eden Gardens,KKR,0,0,16,14,0,0
119,120,2010,Chennai,14-03-2010,DC,CSK,DC,bat,"MA Chidambaram Stadium, Chepauk",DC,0,0,16,16,0,0
120,121,2010,Ahmedabad,15-03-2010,RR,DD,DD,field,"Sardar Patel Stadium, Motera",DD,0,0,14,14,0,0
121,122,2010,Bangalore,16-03-2010,KXIP,RCB,KXIP,bat,M Chinnaswamy Stadium,RCB,0,0,14,16,0,0
122,123,2010,Kolkata,16-03-2010,CSK,KKR,CSK,bat,Eden Gardens,CSK,0,0,16,14,0,0
123,124,2010,Delhi,17-03-2010,MI,DD,DD,field,Feroz Shah Kotla,MI,0,0,16,14,0,0
124,125,2010,Bangalore,18-03-2010,RR,RCB,RCB,field,M Chinnaswamy Stadium,RCB,0,0,14,16,0,0
125,126,2010,Delhi,19-03-2010,DD,CSK,DD,bat,Feroz Shah Kotla,CSK,0,0,14,16,0,0
126,127,2010,Cuttack,19-03-2010,DC,KXIP,KXIP,field,Barabati Stadium,DC,0,0,16,14,0,0
127,128,2010,Ahmedabad,20-03-2010,RR,KKR,RR,bat,"Sardar Patel Stadium, Motera",RR,0,0,14,14,0,0
128,129,2010,Mumbai,20-03-2010,MI,RCB,MI,bat,Brabourne Stadium,RCB,0,0,16,16,0,0
129,130,2010,Cuttack,21-03-2010,DC,DD,DC,bat,Barabati Stadium,DC,0,0,16,14,0,0
130,131,2010,Chennai,21-03-2010,KXIP,CSK,CSK,field,"MA Chidambaram Stadium, Chepauk",KXIP,0,0,14,16,0,0
131,132,2010,Mumbai,22-03-2010,KKR,MI,KKR,bat,Brabourne Stadium,MI,0,0,14,16,0,0
132,133,2010,Bangalore,23-03-2010,RCB,CSK,CSK,field,M Chinnaswamy Stadium,RCB,0,0,16,16,0,0
133,134,2010,Chandigarh,24-03-2010,RR,KXIP,KXIP,field,"Punjab Cricket Association Stadium, Mohali",RR,0,0,14,14,0,0
134,135,2010,Mumbai,25-03-2010,CSK,MI,MI,field,Brabourne Stadium,MI,0,0,16,16,0,0
135,136,2010,Ahmedabad,26-03-2010,DC,RR,DC,bat,"Sardar Patel Stadium, Motera",RR,0,0,16,14,0,0
136,137,2010,Chandigarh,27-03-2010,KKR,KXIP,KKR,bat,"Punjab Cricket Association Stadium, Mohali",KKR,0,0,14,14,0,0
137,138,2010,Bangalore,25-03-2010,DD,RCB,RCB,field,M Chinnaswamy Stadium,DD,0,0,14,16,0,0
138,139,2010,Ahmedabad,28-03-2010,RR,CSK,RR,bat,"Sardar Patel Stadium, Motera",RR,0,0,14,16,0,0
139,140,2010,Mumbai,28-03-2010,MI,DC,DC,field,Dr DY Patil Sports Academy,MI,0,0,16,16,0,0
140,141,2010,Delhi,29-03-2010,DD,KKR,DD,bat,Feroz Shah Kotla,DD,0,0,14,14,0,0
141,142,2010,Mumbai,30-03-2010,KXIP,MI,MI,field,Brabourne Stadium,MI,0,0,14,16,0,0
142,143,2010,Chennai,31-03-2010,RCB,CSK,RCB,bat,"MA Chidambaram Stadium, Chepauk",CSK,0,0,16,16,0,0
143,144,2010,Delhi,31-03-2010,DD,RR,DD,bat,Feroz Shah Kotla,DD,0,0,14,14,0,0
144,145,2010,Kolkata,01-04-2010,KKR,DC,KKR,bat,Eden Gardens,KKR,0,0,14,16,0,0
145,146,2010,Chandigarh,02-04-2010,KXIP,RCB,KXIP,bat,"Punjab Cricket Association Stadium, Mohali",RCB,0,0,14,16,0,0
146,147,2010,Chennai,03-04-2010,CSK,RR,CSK,bat,"MA Chidambaram Stadium, Chepauk",CSK,0,0,16,14,0,0
147,148,2010,Mumbai,03-04-2010,MI,DC,MI,bat,Brabourne Stadium,MI,0,0,16,16,0,0
148,149,2010,Kolkata,04-04-2010,KKR,KXIP,KKR,bat,Eden Gardens,KXIP,0,0,14,14,0,0
149,150,2010,Delhi,04-04-2010,DD,RCB,DD,bat,Feroz Shah Kotla,DD,0,0,14,16,0,0
150,151,2010,Nagpur,05-04-2010,RR,DC,RR,bat,"Vidarbha Cricket Association Stadium, Jamtha",RR,0,0,14,16,0,0
151,152,2010,Chennai,06-04-2010,CSK,MI,CSK,bat,"MA Chidambaram Stadium, Chepauk",CSK,0,0,16,16,0,0
152,153,2010,Jaipur,07-04-2010,KXIP,RR,KXIP,bat,Sawai Mansingh Stadium,RR,0,0,14,14,0,0
153,154,2010,Kolkata,07-04-2010,KKR,DD,KKR,bat,Eden Gardens,KKR,0,0,14,14,0,0
154,155,2010,Bangalore,08-04-2010,RCB,DC,DC,field,M Chinnaswamy Stadium,DC,0,0,16,16,0,0
155,156,2010,Chandigarh,09-04-2010,MI,KXIP,MI,bat,"Punjab Cricket Association Stadium, Mohali",KXIP,0,0,16,14,0,0
156,157,2010,Nagpur,10-04-2010,CSK,DC,CSK,bat,"Vidarbha Cricket Association Stadium, Jamtha",DC,0,0,16,16,0,0
157,158,2010,Bangalore,10-04-2010,KKR,RCB,RCB,field,M Chinnaswamy Stadium,RCB,0,0,14,16,0,0
158,159,2010,Delhi,11-04-2010,DD,KXIP,DD,bat,Feroz Shah Kotla,KXIP,0,0,14,14,0,0
159,160,2010,Jaipur,11-04-2010,MI,RR,RR,field,Sawai Mansingh Stadium,MI,0,0,16,14,0,0
160,161,2010,Nagpur,12-04-2010,DC,RCB,RCB,field,"Vidarbha Cricket Association Stadium, Jamtha",DC,0,0,16,16,0,0
161,162,2010,Mumbai,13-04-2010,MI,DD,MI,bat,Brabourne Stadium,MI,0,0,16,14,0,0
162,163,2010,Chennai,13-04-2010,KKR,CSK,KKR,bat,"MA Chidambaram Stadium, Chepauk",CSK,0,0,14,16,0,0
163,164,2010,Jaipur,14-04-2010,RR,RCB,RR,bat,Sawai Mansingh Stadium,RCB,0,0,14,16,0,0
164,165,2010,Chennai,15-04-2010,CSK,DD,CSK,bat,"MA Chidambaram Stadium, Chepauk",DD,0,0,16,14,0,0
165,166,2010,Dharamsala,16-04-2010,KXIP,DC,DC,field,Himachal Pradesh Cricket Association Stadium,DC,0,0,14,16,0,0
166,167,2010,Bangalore,17-04-2010,MI,RCB,RCB,field,M Chinnaswamy Stadium,MI,0,0,16,16,0,0
167,168,2010,Kolkata,17-04-2010,RR,KKR,RR,bat,Eden Gardens,KKR,0,0,14,14,0,0
168,169,2010,Dharamsala,18-04-2010,KXIP,CSK,CSK,field,Himachal Pradesh Cricket Association Stadium,CSK,0,0,14,16,0,0
169,170,2010,Delhi,18-04-2010,DC,DD,DC,bat,Feroz Shah Kotla,DC,0,0,16,14,0,0
170,171,2010,Kolkata,19-04-2010,MI,KKR,MI,bat,Eden Gardens,KKR,0,0,16,14,0,0
171,172,2010,Mumbai,21-04-2010,MI,RCB,MI,bat,Dr DY Patil Sports Academy,MI,0,0,16,16,0,0
172,173,2010,Mumbai,22-04-2010,CSK,DC,CSK,bat,Dr DY Patil Sports Academy,CSK,0,0,16,16,0,0
173,174,2010,Mumbai,24-04-2010,DC,RCB,DC,bat,Dr DY Patil Sports Academy,RCB,0,0,16,16,0,0
174,175,2010,Mumbai,25-04-2010,CSK,MI,CSK,bat,Dr DY Patil Sports Academy,CSK,0,0,16,16,0,0
175,176,2011,Chennai,08-04-2011,CSK,KKR,CSK,bat,"MA Chidambaram Stadium, Chepauk",CSK,0,0,16,15,0,0
176,177,2011,Hyderabad,09-04-2011,DC,RR,RR,field,"Rajiv Gandhi International Stadium, Uppal",RR,0,0,14,13,0,0
177,178,2011,Kochi,09-04-2011,KTK,RCB,KTK,bat,Nehru Stadium,RCB,0,0,14,16,0,0
178,179,2011,Delhi,10-04-2011,DD,MI,DD,bat,Feroz Shah Kotla,MI,0,0,14,16,0,0
179,180,2011,Mumbai,10-04-2011,KXIP,PW,KXIP,bat,Dr DY Patil Sports Academy,PW,0,0,14,14,0,0
180,181,2011,Kolkata,11-04-2011,KKR,DC,KKR,bat,Eden Gardens,KKR,0,0,15,14,0,0
181,182,2011,Jaipur,12-04-2011,DD,RR,DD,bat,Sawai Mansingh Stadium,RR,0,0,14,13,0,0
182,183,2011,Bangalore,12-04-2011,RCB,MI,MI,field,M Chinnaswamy Stadium,MI,0,0,16,16,0,0
183,184,2011,Chandigarh,13-04-2011,CSK,KXIP,KXIP,field,"Punjab Cricket Association Stadium, Mohali",KXIP,0,0,16,14,0,0
184,185,2011,Mumbai,13-04-2011,KTK,PW,KTK,bat,Dr DY Patil Sports Academy,PW,0,0,14,14,0,0
185,186,2011,Hyderabad,14-04-2011,DC,RCB,RCB,field,"Rajiv Gandhi International Stadium, Uppal",DC,0,0,14,16,0,0
186,187,2011,Jaipur,15-04-2011,RR,KKR,KKR,field,Sawai Mansingh Stadium,KKR,0,0,13,15,0,0
187,188,2011,Mumbai,15-04-2011,MI,KTK,KTK,field,Wankhede Stadium,KTK,0,0,16,14,0,0
188,189,2011,Chennai,16-04-2011,CSK,RCB,CSK,bat,"MA Chidambaram Stadium, Chepauk",CSK,0,0,16,16,0,0
189,190,2011,Hyderabad,16-04-2011,DC,KXIP,KXIP,field,"Rajiv Gandhi International Stadium, Uppal",KXIP,0,0,14,14,0,0
190,191,2011,Mumbai,17-04-2011,PW,DD,DD,field,Dr DY Patil Sports Academy,DD,0,0,14,14,0,0
191,192,2011,Kolkata,17-04-2011,RR,KKR,KKR,field,Eden Gardens,KKR,0,0,13,15,0,0
192,193,2011,Kochi,18-04-2011,CSK,KTK,KTK,field,Nehru Stadium,KTK,0,0,16,14,0,0
193,194,2011,Delhi,19-04-2011,DC,DD,DC,bat,Feroz Shah Kotla,DC,0,0,14,14,0,0
194,195,2011,Mumbai,20-04-2011,PW,MI,PW,bat,Wankhede Stadium,MI,0,0,14,16,0,0
195,196,2011,Kolkata,20-04-2011,KTK,KKR,KKR,field,Eden Gardens,KTK,0,0,14,15,0,0
196,197,2011,Chandigarh,21-04-2011,KXIP,RR,RR,field,"Punjab Cricket Association Stadium, Mohali",KXIP,0,0,14,13,0,0
197,198,2011,Mumbai,22-04-2011,MI,CSK,CSK,field,Wankhede Stadium,MI,0,0,16,16,0,0
198,199,2011,Kolkata,22-04-2011,KKR,RCB,RCB,field,Eden Gardens,RCB,0,0,15,16,0,0
199,200,2011,Delhi,23-04-2011,DD,KXIP,KXIP,field,Feroz Shah Kotla,DD,0,0,14,14,0,0
200,201,2011,Hyderabad,24-04-2011,MI,DC,DC,field,"Rajiv Gandhi International Stadium, Uppal",MI,0,0,16,14,0,0
201,202,2011,Jaipur,24-04-2011,KTK,RR,RR,field,Sawai Mansingh Stadium,RR,0,0,14,13,0,0
202,203,2011,Chennai,25-04-2011,CSK,PW,PW,field,"MA Chidambaram Stadium, Chepauk",CSK,0,0,16,14,0,0
203,204,2011,Delhi,26-04-2011,DD,RCB,RCB,field,Feroz Shah Kotla,RCB,0,0,14,16,0,0
204,205,2011,Mumbai,27-04-2011,PW,CSK,PW,bat,Dr DY Patil Sports Academy,CSK,0,0,14,16,0,0
205,206,2011,Kochi,27-04-2011,DC,KTK,KTK,field,Nehru Stadium,DC,0,0,14,14,0,0
206,207,2011,Delhi,28-04-2011,KKR,DD,DD,field,Feroz Shah Kotla,KKR,0,0,15,14,0,0
207,208,2011,Jaipur,29-04-2011,MI,RR,RR,field,Sawai Mansingh Stadium,RR,0,0,16,13,0,0
208,209,2011,Bangalore,29-04-2011,RCB,PW,PW,field,M Chinnaswamy Stadium,RCB,0,0,16,14,0,0
209,210,2011,Kochi,30-04-2011,DD,KTK,DD,bat,Nehru Stadium,DD,0,0,14,14,0,0
210,211,2011,Kolkata,30-04-2011,KXIP,KKR,KKR,field,Eden Gardens,KKR,0,0,14,15,0,0
211,212,2011,Jaipur,01-05-2011,PW,RR,RR,field,Sawai Mansingh Stadium,RR,0,0,14,13,0,0
212,213,2011,Chennai,01-05-2011,CSK,DC,CSK,bat,"MA Chidambaram Stadium, Chepauk",CSK,0,0,16,14,0,0
213,214,2011,Mumbai,02-05-2011,MI,KXIP,KXIP,field,Wankhede Stadium,MI,0,0,16,14,0,0
214,215,2011,Delhi,02-05-2011,DD,KTK,KTK,field,Feroz Shah Kotla,KTK,0,0,14,14,0,0
215,216,2011,Hyderabad,03-05-2011,KKR,DC,DC,field,"Rajiv Gandhi International Stadium, Uppal",KKR,0,0,15,14,0,0
216,217,2011,Chennai,04-05-2011,RR,CSK,RR,bat,"MA Chidambaram Stadium, Chepauk",CSK,0,0,13,16,0,0
217,218,2011,Mumbai,04-05-2011,MI,PW,PW,field,Dr DY Patil Sports Academy,MI,0,0,16,14,0,0
218,219,2011,Kochi,05-05-2011,KTK,KKR,KKR,field,Nehru Stadium,KTK,0,0,14,15,0,0
219,220,2011,Hyderabad,05-05-2011,DC,DD,DD,field,"Rajiv Gandhi International Stadium, Uppal",DD,0,0,14,14,0,0
220,221,2011,Bangalore,06-05-2011,RCB,KXIP,KXIP,field,M Chinnaswamy Stadium,RCB,0,0,16,14,0,0
221,222,2011,Kolkata,07-05-2011,CSK,KKR,CSK,bat,Eden Gardens,KKR,0,0,16,15,0,0
222,223,2011,Mumbai,07-05-2011,MI,DD,DD,field,Wankhede Stadium,MI,0,0,16,14,0,0
223,224,2011,Bangalore,08-05-2011,KTK,RCB,KTK,bat,M Chinnaswamy Stadium,RCB,0,0,14,16,0,0
224,225,2011,Chandigarh,08-05-2011,KXIP,PW,KXIP,bat,"Punjab Cricket Association Stadium, Mohali",PW,0,0,14,14,0,0
225,226,2011,Jaipur,09-05-2011,CSK,RR,RR,field,Sawai Mansingh Stadium,CSK,0,0,16,13,0,0
226,227,2011,Hyderabad,10-05-2011,DC,PW,DC,bat,"Rajiv Gandhi International Stadium, Uppal",PW,0,0,14,14,0,0
227,228,2011,Chandigarh,10-05-2011,KXIP,MI,MI,field,"Punjab Cricket Association Stadium, Mohali",KXIP,0,0,14,16,0,0
228,229,2011,Jaipur,11-05-2011,RR,RCB,RCB,field,Sawai Mansingh Stadium,RCB,0,0,13,16,0,0
229,230,2011,Chennai,12-05-2011,CSK,DD,CSK,bat,"MA Chidambaram Stadium, Chepauk",CSK,0,0,16,14,0,0
230,231,2011,Indore,13-05-2011,KTK,KXIP,KXIP,field,Holkar Cricket Stadium,KXIP,0,0,14,14,0,0
231,232,2011,Bangalore,14-05-2011,KKR,RCB,RCB,field,M Chinnaswamy Stadium,RCB,0,0,15,16,0,0
232,233,2011,Mumbai,14-05-2011,DC,MI,DC,bat,Wankhede Stadium,DC,0,0,14,16,0,0
233,234,2011,Dharamsala,15-05-2011,KXIP,DD,DD,field,Himachal Pradesh Cricket Association Stadium,KXIP,0,0,14,14,0,0
234,235,2011,Indore,15-05-2011,RR,KTK,KTK,field,Holkar Cricket Stadium,KTK,0,0,13,14,0,0
235,236,2011,Mumbai,16-05-2011,PW,DC,DC,field,Dr DY Patil Sports Academy,DC,0,0,14,14,0,0
236,237,2011,Dharamsala,17-05-2011,KXIP,RCB,KXIP,bat,Himachal Pradesh Cricket Association Stadium,KXIP,0,0,14,16,0,0
237,238,2011,Chennai,18-05-2011,CSK,KTK,CSK,bat,"MA Chidambaram Stadium, Chepauk",CSK,0,0,16,14,0,0
238,239,2011,Mumbai,19-05-2011,PW,KKR,KKR,field,Dr DY Patil Sports Academy,KKR,0,0,14,15,0,0
239,240,2011,Mumbai,20-05-2011,MI,RR,MI,bat,Wankhede Stadium,RR,0,0,16,13,0,0
240,241,2011,Dharamsala,21-05-2011,DC,KXIP,KXIP,field,Himachal Pradesh Cricket Association Stadium,DC,0,0,14,14,0,0
241,242,2011,Delhi,21-05-2011,DD,PW,DD,bat,Feroz Shah Kotla,,0,0,14,14,0,0
242,243,2011,Bangalore,22-05-2011,CSK,RCB,RCB,field,M Chinnaswamy Stadium,RCB,0,0,16,16,0,0
243,244,2011,Kolkata,22-05-2011,KKR,MI,MI,field,Eden Gardens,MI,0,0,15,16,0,0
244,245,2011,Mumbai,24-05-2011,RCB,CSK,CSK,field,Wankhede Stadium,CSK,0,0,16,16,0,0
245,246,2011,Mumbai,25-05-2011,KKR,MI,MI,field,Wankhede Stadium,MI,0,0,15,16,0,0
246,247,2011,Chennai,27-05-2011,RCB,MI,MI,field,"MA Chidambaram Stadium, Chepauk",RCB,0,0,16,16,0,0
247,248,2011,Chennai,28-05-2011,CSK,RCB,CSK,bat,"MA Chidambaram Stadium, Chepauk",CSK,0,0,16,16,0,0
248,249,2012,Chennai,04-04-2012,CSK,MI,MI,field,"MA Chidambaram Stadium, Chepauk",MI,0,0,18,17,0,0
249,250,2012,Kolkata,05-04-2012,KKR,DD,DD,field,Eden Gardens,DD,0,0,17,18,0,0
250,251,2012,Mumbai,06-04-2012,PW,MI,MI,field,Wankhede Stadium,PW,0,0,16,17,0,0
251,252,2012,Jaipur,06-04-2012,RR,KXIP,KXIP,field,Sawai Mansingh Stadium,RR,0,0,16,16,0,0
252,253,2012,Bangalore,07-04-2012,RCB,DD,DD,field,M Chinnaswamy Stadium,RCB,0,0,15,18,0,0
253,254,2012,Visakhapatnam,07-04-2012,CSK,DC,DC,field,Dr. Y.S. Rajasekhara Reddy ACA-VDCA Cricket Stadium,CSK,0,0,18,15,0,0
254,255,2012,Jaipur,08-04-2012,RR,KKR,KKR,field,Sawai Mansingh Stadium,RR,0,0,16,17,0,0
255,256,2012,Pune,08-04-2012,PW,KXIP,PW,bat,Subrata Roy Sahara Stadium,PW,0,0,16,16,0,0
256,257,2012,Visakhapatnam,09-04-2012,DC,MI,DC,bat,Dr. Y.S. Rajasekhara Reddy ACA-VDCA Cricket Stadium,MI,0,0,15,17,0,0
257,258,2012,Bangalore,10-04-2012,KKR,RCB,RCB,field,M Chinnaswamy Stadium,KKR,0,0,17,15,0,0
258,259,2012,Delhi,10-04-2012,CSK,DD,DD,field,Feroz Shah Kotla,DD,0,0,18,18,0,0
259,260,2012,Mumbai,11-04-2012,MI,RR,RR,field,Wankhede Stadium,MI,0,0,17,16,0,0
260,261,2012,Chennai,12-04-2012,RCB,CSK,RCB,bat,"MA Chidambaram Stadium, Chepauk",CSK,0,0,15,18,0,0
261,262,2012,Chandigarh,12-04-2012,PW,KXIP,KXIP,field,"Punjab Cricket Association Stadium, Mohali",KXIP,0,0,16,16,0,0
262,263,2012,Kolkata,13-04-2012,RR,KKR,RR,bat,Eden Gardens,KKR,0,0,16,17,0,0
263,264,2012,Delhi,19-04-2012,DC,DD,DC,bat,Feroz Shah Kotla,DD,0,0,15,18,0,0
264,265,2012,Pune,14-04-2012,CSK,PW,CSK,bat,Subrata Roy Sahara Stadium,PW,0,0,18,16,0,0
265,266,2012,Kolkata,15-04-2012,KXIP,KKR,KKR,field,Eden Gardens,KXIP,0,0,16,17,0,0
266,267,2012,Bangalore,15-04-2012,RR,RCB,RR,bat,M Chinnaswamy Stadium,RR,0,0,16,15,0,0
267,268,2012,Mumbai,16-04-2012,MI,DD,DD,field,Wankhede Stadium,DD,0,0,17,18,0,0
268,269,2012,Jaipur,17-04-2012,DC,RR,DC,bat,Sawai Mansingh Stadium,RR,0,0,15,16,0,0
269,270,2012,Bangalore,17-04-2012,PW,RCB,PW,bat,M Chinnaswamy Stadium,RCB,0,0,16,15,0,0
270,271,2012,Chandigarh,18-04-2012,KXIP,KKR,KXIP,bat,"Punjab Cricket Association Stadium, Mohali",KKR,0,0,16,17,0,0
271,272,2012,Hyderabad,10-05-2012,DC,DD,DC,bat,"Rajiv Gandhi International Stadium, Uppal",DD,0,0,15,18,0,0
272,273,2012,Chennai,19-04-2012,CSK,PW,PW,field,"MA Chidambaram Stadium, Chepauk",CSK,0,0,18,16,0,0
273,274,2012,Chandigarh,20-04-2012,KXIP,RCB,RCB,field,"Punjab Cricket Association Stadium, Mohali",RCB,0,0,16,15,0,0
274,275,2012,Chennai,21-04-2012,RR,CSK,RR,bat,"MA Chidambaram Stadium, Chepauk",CSK,0,0,16,18,0,0
275,276,2012,Delhi,21-04-2012,PW,DD,DD,field,Feroz Shah Kotla,PW,0,0,16,18,0,0
276,277,2012,Mumbai,22-04-2012,MI,KXIP,MI,bat,Wankhede Stadium,KXIP,0,0,17,16,0,0
277,278,2012,Cuttack,22-04-2012,DC,KKR,KKR,field,Barabati Stadium,KKR,0,0,15,17,0,0
278,279,2012,Jaipur,23-04-2012,RCB,RR,RR,field,Sawai Mansingh Stadium,RCB,0,0,15,16,0,0
279,280,2012,Pune,24-04-2012,PW,DD,PW,bat,Subrata Roy Sahara Stadium,DD,0,0,16,18,0,0
280,281,2012,Chandigarh,25-04-2012,KXIP,MI,KXIP,bat,"Punjab Cricket Association Stadium, Mohali",MI,0,0,16,17,0,0
281,282,2012,Pune,26-04-2012,DC,PW,DC,bat,Subrata Roy Sahara Stadium,DC,0,0,15,16,0,0
282,283,2012,Delhi,27-04-2012,DD,MI,MI,field,Feroz Shah Kotla,DD,0,0,18,17,0,0
283,284,2012,Chennai,28-04-2012,KXIP,CSK,KXIP,bat,"MA Chidambaram Stadium, Chepauk",KXIP,0,0,16,18,0,0
284,285,2012,Kolkata,28-04-2012,KKR,RCB,KKR,bat,Eden Gardens,KKR,0,0,17,15,0,0
285,286,2012,Delhi,29-04-2012,DD,RR,DD,bat,Feroz Shah Kotla,DD,0,0,18,16,0,0
286,287,2012,Mumbai,29-04-2012,DC,MI,MI,field,Wankhede Stadium,MI,0,0,15,17,0,0
287,288,2012,Chennai,30-04-2012,CSK,KKR,CSK,bat,"MA Chidambaram Stadium, Chepauk",KKR,0,0,18,17,0,0
288,289,2012,Cuttack,01-05-2012,DC,PW,DC,bat,Barabati Stadium,DC,0,0,15,16,0,0
289,290,2012,Jaipur,01-05-2012,RR,DD,RR,bat,Sawai Mansingh Stadium,DD,0,0,16,18,0,0
290,291,2012,Bangalore,02-05-2012,RCB,KXIP,KXIP,field,M Chinnaswamy Stadium,KXIP,0,0,15,16,0,0
291,292,2012,Pune,03-05-2012,MI,PW,MI,bat,Subrata Roy Sahara Stadium,MI,0,0,17,16,0,0
292,293,2012,Chennai,04-05-2012,CSK,DC,CSK,bat,"MA Chidambaram Stadium, Chepauk",CSK,0,0,18,15,0,0
293,294,2012,Kolkata,05-05-2012,KKR,PW,KKR,bat,Eden Gardens,KKR,0,0,17,16,0,0
294,295,2012,Chandigarh,05-05-2012,RR,KXIP,RR,bat,"Punjab Cricket Association Stadium, Mohali",RR,0,0,16,16,0,0
295,296,2012,Mumbai,06-05-2012,CSK,MI,MI,field,Wankhede Stadium,MI,0,0,18,17,0,0
296,297,2012,Bangalore,06-05-2012,DC,RCB,RCB,field,M Chinnaswamy Stadium,RCB,0,0,15,15,0,0
297,298,2012,Delhi,07-05-2012,DD,KKR,DD,bat,Feroz Shah Kotla,KKR,0,0,18,17,0,0
298,299,2012,Pune,08-05-2012,PW,RR,PW,bat,Subrata Roy Sahara Stadium,RR,0,0,16,16,0,0
299,300,2012,Hyderabad,08-05-2012,KXIP,DC,DC,field,"Rajiv Gandhi International Stadium, Uppal",KXIP,0,0,16,15,0,0
300,301,2012,Mumbai,09-05-2012,MI,RCB,RCB,field,Wankhede Stadium,RCB,0,0,17,15,0,0
301,302,2012,Jaipur,10-05-2012,RR,CSK,CSK,field,Sawai Mansingh Stadium,CSK,0,0,16,18,0,0
302,303,2012,Pune,11-05-2012,RCB,PW,PW,field,Subrata Roy Sahara Stadium,RCB,0,0,15,16,0,0
303,304,2012,Kolkata,12-05-2012,MI,KKR,MI,bat,Eden Gardens,MI,0,0,17,17,0,0
304,305,2012,Chennai,12-05-2012,DD,CSK,CSK,field,"MA Chidambaram Stadium, Chepauk",CSK,0,0,18,18,0,0
305,306,2012,Jaipur,13-05-2012,RR,PW,RR,bat,Sawai Mansingh Stadium,RR,0,0,16,16,0,0
306,307,2012,Chandigarh,13-05-2012,DC,KXIP,DC,bat,"Punjab Cricket Association Stadium, Mohali",KXIP,0,0,15,16,0,0
307,308,2012,Bangalore,14-05-2012,RCB,MI,MI,field,M Chinnaswamy Stadium,MI,0,0,15,17,0,0
308,309,2012,Kolkata,14-05-2012,KKR,CSK,CSK,field,Eden Gardens,CSK,0,0,17,18,0,0
309,310,2012,Delhi,15-05-2012,KXIP,DD,KXIP,bat,Feroz Shah Kotla,DD,0,0,16,18,0,0
310,311,2012,Mumbai,16-05-2012,KKR,MI,MI,field,Wankhede Stadium,KKR,0,0,17,17,0,0
311,312,2012,Dharamsala,17-05-2012,CSK,KXIP,KXIP,field,Himachal Pradesh Cricket Association Stadium,KXIP,0,0,18,16,0,0
312,313,2012,Delhi,17-05-2012,RCB,DD,DD,field,Feroz Shah Kotla,RCB,0,0,15,18,0,0
313,314,2012,Hyderabad,18-05-2012,RR,DC,RR,bat,"Rajiv Gandhi International Stadium, Uppal",DC,0,0,16,15,0,0
314,315,2012,Dharamsala,19-05-2012,KXIP,DD,DD,field,Himachal Pradesh Cricket Association Stadium,DD,0,0,16,18,0,0
315,316,2012,Pune,19-05-2012,KKR,PW,KKR,bat,Subrata Roy Sahara Stadium,KKR,0,0,17,16,0,0
316,317,2012,Hyderabad,20-05-2012,DC,RCB,RCB,field,"Rajiv Gandhi International Stadium, Uppal",DC,0,0,15,15,0,0
317,318,2012,Jaipur,20-05-2012,RR,MI,RR,bat,Sawai Mansingh Stadium,MI,0,0,16,17,0,0
318,319,2012,Pune,22-05-2012,KKR,DD,KKR,bat,Subrata Roy Sahara Stadium,KKR,0,0,17,18,0,0
319,320,2012,Bangalore,23-05-2012,CSK,MI,MI,field,M Chinnaswamy Stadium,CSK,0,0,18,17,0,0
320,321,2012,Chennai,25-05-2012,CSK,DD,DD,field,"MA Chidambaram Stadium, Chepauk",CSK,0,0,18,18,0,0
321,322,2012,Chennai,27-05-2012,CSK,KKR,CSK,bat,"MA Chidambaram Stadium, Chepauk",KKR,0,0,18,17,0,0
322,323,2013,Kolkata,03-04-2013,DD,KKR,KKR,field,Eden Gardens,KKR,0,0,16,16,0,0
323,324,2013,Bangalore,04-04-2013,RCB,MI,MI,field,M Chinnaswamy Stadium,RCB,0,0,16,19,0,0
324,325,2013,Hyderabad,05-04-2013,SH,PW,PW,field,"Rajiv Gandhi International Stadium, Uppal",SH,0,0,17,16,0,0
325,326,2013,Delhi,06-04-2013,RR,DD,RR,bat,Feroz Shah Kotla,RR,0,0,18,16,0,0
326,327,2013,Chennai,06-04-2013,MI,CSK,MI,bat,"MA Chidambaram Stadium, Chepauk",MI,0,0,19,18,0,0
327,328,2013,Pune,07-04-2013,PW,KXIP,PW,bat,Subrata Roy Sahara Stadium,KXIP,0,0,16,16,0,0
328,329,2013,Hyderabad,07-04-2013,RCB,SH,RCB,bat,"Rajiv Gandhi International Stadium, Uppal",SH,0,0,16,17,0,0
329,330,2013,Jaipur,08-04-2013,RR,KKR,KKR,field,Sawai Mansingh Stadium,RR,0,0,18,16,0,0
330,331,2013,Mumbai,09-04-2013,MI,DD,MI,bat,Wankhede Stadium,MI,0,0,19,16,0,0
331,332,2013,Chandigarh,10-04-2013,KXIP,CSK,CSK,field,"Punjab Cricket Association Stadium, Mohali",CSK,0,0,16,18,0,0
332,333,2013,Bangalore,11-04-2013,KKR,RCB,RCB,field,M Chinnaswamy Stadium,RCB,0,0,16,16,0,0
333,334,2013,Pune,11-04-2013,RR,PW,RR,bat,Subrata Roy Sahara Stadium,PW,0,0,18,16,0,0
334,335,2013,Delhi,12-04-2013,DD,SH,DD,bat,Feroz Shah Kotla,SH,0,0,16,17,0,0
335,336,2013,Mumbai,13-04-2013,MI,PW,MI,bat,Wankhede Stadium,MI,0,0,19,16,0,0
336,337,2013,Chennai,13-04-2013,RCB,CSK,CSK,field,"MA Chidambaram Stadium, Chepauk",CSK,0,0,16,18,0,0
337,338,2013,Kolkata,14-04-2013,KKR,SH,KKR,bat,Eden Gardens,KKR,0,0,16,17,0,0
338,339,2013,Jaipur,14-04-2013,KXIP,RR,RR,field,Sawai Mansingh Stadium,RR,0,0,16,18,0,0
339,340,2013,Chennai,15-04-2013,PW,CSK,PW,bat,"MA Chidambaram Stadium, Chepauk",PW,0,0,16,18,0,0
340,341,2013,Chandigarh,16-04-2013,KXIP,KKR,KKR,field,"Punjab Cricket Association Stadium, Mohali",KXIP,0,0,16,16,0,0
341,342,2013,Bangalore,16-04-2013,DD,RCB,RCB,field,M Chinnaswamy Stadium,RCB,0,0,16,16,0,0
342,343,2013,Pune,17-04-2013,SH,PW,PW,field,Subrata Roy Sahara Stadium,SH,0,0,17,16,0,0
343,344,2013,Jaipur,17-04-2013,RR,MI,RR,bat,Sawai Mansingh Stadium,RR,0,0,18,19,0,0
344,345,2013,Delhi,18-04-2013,CSK,DD,CSK,bat,Feroz Shah Kotla,CSK,0,0,18,16,0,0
345,346,2013,Hyderabad,19-04-2013,KXIP,SH,KXIP,bat,"Rajiv Gandhi International Stadium, Uppal",SH,0,0,16,17,0,0
346,347,2013,Kolkata,20-04-2013,KKR,CSK,KKR,bat,Eden Gardens,CSK,0,0,16,18,0,0
347,348,2013,Bangalore,20-04-2013,RR,RCB,RCB,field,M Chinnaswamy Stadium,RCB,0,0,18,16,0,0
348,349,2013,Delhi,21-04-2013,MI,DD,MI,bat,Feroz Shah Kotla,DD,0,0,19,16,0,0
349,350,2013,Chandigarh,21-04-2013,PW,KXIP,KXIP,field,"Punjab Cricket Association Stadium, Mohali",KXIP,0,0,16,16,0,0
350,351,2013,Chennai,22-04-2013,RR,CSK,RR,bat,"MA Chidambaram Stadium, Chepauk",CSK,0,0,18,18,0,0
351,352,2013,Bangalore,23-04-2013,RCB,PW,PW,field,M Chinnaswamy Stadium,RCB,0,0,16,16,0,0
352,353,2013,Dharamsala,16-05-2013,KXIP,DD,DD,field,Himachal Pradesh Cricket Association Stadium,KXIP,0,0,16,16,0,0
353,354,2013,Kolkata,24-04-2013,KKR,MI,KKR,bat,Eden Gardens,MI,0,0,16,19,0,0
354,355,2013,Chennai,25-04-2013,SH,CSK,SH,bat,"MA Chidambaram Stadium, Chepauk",CSK,0,0,17,18,0,0
355,356,2013,Kolkata,26-04-2013,KXIP,KKR,KXIP,bat,Eden Gardens,KKR,0,0,16,16,0,0
356,357,2013,Jaipur,27-04-2013,SH,RR,SH,bat,Sawai Mansingh Stadium,RR,0,0,17,18,0,0
357,358,2013,Mumbai,27-04-2013,MI,RCB,MI,bat,Wankhede Stadium,MI,0,0,19,16,0,0
358,359,2013,Chennai,28-04-2013,CSK,KKR,KKR,field,"MA Chidambaram Stadium, Chepauk",CSK,0,0,18,16,0,0
359,360,2013,Raipur,28-04-2013,DD,PW,PW,field,Shaheed Veer Narayan Singh International Stadium,DD,0,0,16,16,0,0
360,361,2013,Jaipur,29-04-2013,RCB,RR,RR,field,Sawai Mansingh Stadium,RR,0,0,16,18,0,0
361,362,2013,Mumbai,29-04-2013,MI,KXIP,MI,bat,Wankhede Stadium,MI,0,0,19,16,0,0
362,363,2013,Pune,30-04-2013,CSK,PW,CSK,bat,Subrata Roy Sahara Stadium,CSK,0,0,18,16,0,0
363,364,2013,Hyderabad,01-05-2013,MI,SH,MI,bat,"Rajiv Gandhi International Stadium, Uppal",SH,0,0,19,17,0,0
364,365,2013,Raipur,01-05-2013,KKR,DD,KKR,bat,Shaheed Veer Narayan Singh International Stadium,DD,0,0,16,16,0,0
365,366,2013,Chennai,02-05-2013,CSK,KXIP,CSK,bat,"MA Chidambaram Stadium, Chepauk",CSK,0,0,18,16,0,0
366,367,2013,Pune,02-05-2013,RCB,PW,RCB,bat,Subrata Roy Sahara Stadium,RCB,0,0,16,16,0,0
367,368,2013,Kolkata,03-05-2013,RR,KKR,RR,bat,Eden Gardens,KKR,0,0,18,16,0,0
368,369,2013,Hyderabad,04-05-2013,DD,SH,DD,bat,"Rajiv Gandhi International Stadium, Uppal",SH,0,0,16,17,0,0
369,370,2013,Bangalore,14-05-2013,RCB,KXIP,KXIP,field,M Chinnaswamy Stadium,KXIP,0,0,16,16,0,0
370,371,2013,Mumbai,05-05-2013,MI,CSK,MI,bat,Wankhede Stadium,MI,0,0,19,18,0,0
371,372,2013,Jaipur,05-05-2013,PW,RR,PW,bat,Sawai Mansingh Stadium,RR,0,0,16,18,0,0
372,373,2013,Bangalore,09-04-2013,SH,RCB,SH,bat,M Chinnaswamy Stadium,RCB,0,0,17,16,0,0
373,374,2013,Jaipur,07-05-2013,DD,RR,DD,bat,Sawai Mansingh Stadium,RR,0,0,16,18,0,0
374,375,2013,Mumbai,07-05-2013,MI,KKR,MI,bat,Wankhede Stadium,MI,0,0,19,16,0,0
375,376,2013,Hyderabad,08-05-2013,CSK,SH,SH,field,"Rajiv Gandhi International Stadium, Uppal",CSK,0,0,18,17,0,0
376,377,2013,Chandigarh,09-05-2013,KXIP,RR,RR,field,"Punjab Cricket Association Stadium, Mohali",RR,0,0,16,18,0,0
377,378,2013,Pune,09-05-2013,KKR,PW,KKR,bat,Subrata Roy Sahara Stadium,KKR,0,0,16,16,0,0
378,379,2013,Delhi,10-05-2013,RCB,DD,DD,field,Feroz Shah Kotla,RCB,0,0,16,16,0,0
379,380,2013,Pune,11-05-2013,PW,MI,PW,bat,Subrata Roy Sahara Stadium,MI,0,0,16,19,0,0
380,381,2013,Chandigarh,11-05-2013,SH,KXIP,KXIP,field,"Punjab Cricket Association Stadium, Mohali",SH,0,0,17,16,0,0
381,382,2013,Ranchi,12-05-2013,RCB,KKR,KKR,field,JSCA International Stadium Complex,KKR,0,0,16,16,0,0
382,383,2013,Jaipur,12-05-2013,CSK,RR,RR,field,Sawai Mansingh Stadium,RR,0,0,18,18,0,0
383,384,2013,Delhi,23-04-2013,DD,KXIP,KXIP,field,Feroz Shah Kotla,KXIP,0,0,16,16,0,0
384,385,2013,Mumbai,13-05-2013,SH,MI,SH,bat,Wankhede Stadium,MI,0,0,17,19,0,0
385,386,2013,Ranchi,15-05-2013,PW,KKR,KKR,field,JSCA International Stadium Complex,PW,0,0,16,16,0,0
386,387,2013,Chennai,14-05-2013,CSK,DD,CSK,bat,"MA Chidambaram Stadium, Chepauk",CSK,0,0,18,16,0,0
387,388,2013,Mumbai,15-05-2013,MI,RR,RR,field,Wankhede Stadium,MI,0,0,19,18,0,0
388,389,2013,Chandigarh,06-05-2013,RCB,KXIP,KXIP,field,"Punjab Cricket Association Stadium, Mohali",KXIP,0,0,16,16,0,0
389,390,2013,Hyderabad,17-05-2013,SH,RR,SH,bat,"Rajiv Gandhi International Stadium, Uppal",SH,0,0,17,18,0,0
390,391,2013,Dharamsala,18-05-2013,KXIP,MI,MI,field,Himachal Pradesh Cricket Association Stadium,KXIP,0,0,16,19,0,0
391,392,2013,Pune,19-05-2013,PW,DD,PW,bat,Subrata Roy Sahara Stadium,PW,0,0,16,16,0,0
392,393,2013,Bangalore,18-05-2013,RCB,CSK,CSK,field,M Chinnaswamy Stadium,RCB,0,0,16,18,0,0
393,394,2013,Hyderabad,19-05-2013,KKR,SH,KKR,bat,"Rajiv Gandhi International Stadium, Uppal",SH,0,0,16,17,0,0
394,395,2013,Delhi,21-05-2013,CSK,MI,CSK,bat,Feroz Shah Kotla,CSK,0,0,18,19,0,0
395,396,2013,Delhi,22-05-2013,SH,RR,SH,bat,Feroz Shah Kotla,RR,0,0,17,18,0,0
396,397,2013,Kolkata,24-05-2013,RR,MI,RR,bat,Eden Gardens,MI,0,0,18,19,0,0
397,398,2013,Kolkata,26-05-2013,MI,CSK,MI,bat,Eden Gardens,MI,0,0,19,18,0,0
398,399,2014,Abu Dhabi,16-04-2014,KKR,MI,KKR,bat,Sheikh Zayed Stadium,KKR,0,0,16,15,0,0
399,400,2014,Sharjah,17-04-2014,DD,RCB,RCB,field,Sharjah Cricket Stadium,RCB,0,0,14,14,0,0
400,401,2014,Abu Dhabi,18-04-2014,CSK,KXIP,CSK,bat,Sheikh Zayed Stadium,KXIP,0,0,16,17,0,0
401,402,2014,Abu Dhabi,18-04-2014,SH,RR,RR,field,Sheikh Zayed Stadium,RR,0,0,14,14,0,0
402,403,2014,,19-04-2014,MI,RCB,RCB,field,Dubai International Cricket Stadium,RCB,0,0,15,14,0,0
403,404,2014,,19-04-2014,KKR,DD,KKR,bat,Dubai International Cricket Stadium,DD,0,0,16,14,0,0
404,405,2014,Sharjah,20-04-2014,RR,KXIP,KXIP,field,Sharjah Cricket Stadium,KXIP,0,0,14,17,0,0
405,406,2014,Abu Dhabi,21-04-2014,CSK,DD,CSK,bat,Sheikh Zayed Stadium,CSK,0,0,16,14,0,0
406,407,2014,Sharjah,22-04-2014,KXIP,SH,SH,field,Sharjah Cricket Stadium,KXIP,0,0,17,14,0,0
407,408,2014,,23-04-2014,CSK,RR,RR,field,Dubai International Cricket Stadium,CSK,0,0,16,14,0,0
408,409,2014,Sharjah,24-04-2014,KKR,RCB,RCB,field,Sharjah Cricket Stadium,KKR,0,0,16,14,0,0
409,410,2014,,25-04-2014,SH,DD,SH,bat,Dubai International Cricket Stadium,SH,0,0,14,14,0,0
410,411,2014,,25-04-2014,MI,CSK,MI,bat,Dubai International Cricket Stadium,CSK,0,0,15,16,0,0
411,412,2014,Abu Dhabi,26-04-2014,RCB,RR,RR,field,Sheikh Zayed Stadium,RR,0,0,14,14,0,0
412,413,2014,Abu Dhabi,26-04-2014,KXIP,KKR,KKR,field,Sheikh Zayed Stadium,KXIP,0,0,17,16,0,0
413,414,2014,Sharjah,27-04-2014,MI,DD,MI,bat,Sharjah Cricket Stadium,DD,0,0,15,14,0,0
414,415,2014,Sharjah,27-04-2014,SH,CSK,SH,bat,Sharjah Cricket Stadium,CSK,0,0,14,16,0,0
415,416,2014,,28-04-2014,RCB,KXIP,KXIP,field,Dubai International Cricket Stadium,KXIP,0,0,14,17,0,0
416,417,2014,Abu Dhabi,29-04-2014,RR,KKR,RR,bat,Sheikh Zayed Stadium,RR,0,0,14,16,0,0
417,418,2014,,30-04-2014,SH,MI,MI,field,Dubai International Cricket Stadium,SH,0,0,14,15,0,0
418,419,2014,Ranchi,02-05-2014,CSK,KKR,CSK,bat,JSCA International Stadium Complex,CSK,0,0,16,16,0,0
419,420,2014,Mumbai,03-05-2014,KXIP,MI,KXIP,bat,Wankhede Stadium,MI,0,0,17,15,0,0
420,421,2014,Delhi,03-05-2014,DD,RR,RR,field,Feroz Shah Kotla,RR,0,0,14,14,0,0
421,422,2014,Bangalore,04-05-2014,SH,RCB,RCB,field,M Chinnaswamy Stadium,RCB,0,0,14,14,0,0
422,423,2014,Ahmedabad,05-05-2014,RR,KKR,KKR,field,"Sardar Patel Stadium, Motera",RR,0,0,14,16,0,0
423,424,2014,Delhi,05-05-2014,DD,CSK,CSK,field,Feroz Shah Kotla,CSK,0,0,14,16,0,0
424,425,2014,Mumbai,06-05-2014,MI,RCB,RCB,field,Wankhede Stadium,MI,0,0,15,14,0,0
425,426,2014,Delhi,07-05-2014,DD,KKR,DD,bat,Feroz Shah Kotla,KKR,0,0,14,16,0,0
426,427,2014,Cuttack,07-05-2014,KXIP,CSK,CSK,field,Barabati Stadium,KXIP,0,0,17,16,0,0
427,428,2014,Ahmedabad,08-05-2014,SH,RR,RR,field,"Sardar Patel Stadium, Motera",SH,0,0,14,14,0,0
428,429,2014,Bangalore,09-05-2014,KXIP,RCB,RCB,field,M Chinnaswamy Stadium,KXIP,0,0,17,14,0,0
429,430,2014,Delhi,10-05-2014,DD,SH,SH,field,Feroz Shah Kotla,SH,0,0,14,14,0,0
430,431,2014,Mumbai,10-05-2014,MI,CSK,CSK,field,Wankhede Stadium,CSK,0,0,15,16,0,0
431,432,2014,Cuttack,11-05-2014,KXIP,KKR,KKR,field,Barabati Stadium,KKR,0,0,17,16,0,0
432,433,2014,Bangalore,11-05-2014,RCB,RR,RCB,bat,M Chinnaswamy Stadium,RR,0,0,14,14,0,0
433,434,2014,Hyderabad,12-05-2014,SH,MI,SH,bat,"Rajiv Gandhi International Stadium, Uppal",MI,0,0,14,15,0,0
434,435,2014,Ranchi,13-05-2014,RR,CSK,RR,bat,JSCA International Stadium Complex,CSK,0,0,14,16,0,0
435,436,2014,Bangalore,13-05-2014,RCB,DD,DD,field,M Chinnaswamy Stadium,RCB,0,0,14,14,0,0
436,437,2014,Hyderabad,14-05-2014,SH,KXIP,KXIP,field,"Rajiv Gandhi International Stadium, Uppal",KXIP,0,0,14,17,0,0
437,438,2014,Cuttack,14-05-2014,MI,KKR,KKR,field,Barabati Stadium,KKR,0,0,15,16,0,0
438,439,2014,Ahmedabad,15-05-2014,RR,DD,DD,field,"Sardar Patel Stadium, Motera",RR,0,0,14,14,0,0
439,440,2014,Ranchi,18-05-2014,CSK,RCB,CSK,bat,JSCA International Stadium Complex,RCB,0,0,16,14,0,0
440,441,2014,Hyderabad,18-05-2014,SH,KKR,SH,bat,"Rajiv Gandhi International Stadium, Uppal",KKR,0,0,14,16,0,0
441,442,2014,Ahmedabad,19-05-2014,MI,RR,MI,bat,"Sardar Patel Stadium, Motera",MI,0,0,15,14,0,0
442,443,2014,Delhi,19-05-2014,DD,KXIP,KXIP,field,Feroz Shah Kotla,KXIP,0,0,14,17,0,0
443,444,2014,Hyderabad,20-05-2014,RCB,SH,RCB,bat,"Rajiv Gandhi International Stadium, Uppal",SH,0,0,14,14,0,0
444,445,2014,Kolkata,20-05-2014,CSK,KKR,KKR,field,Eden Gardens,KKR,0,0,16,16,0,0
445,446,2014,Chandigarh,21-05-2014,KXIP,MI,MI,field,"Punjab Cricket Association Stadium, Mohali",MI,0,0,17,15,0,0
446,447,2014,Kolkata,22-05-2014,KKR,RCB,RCB,field,Eden Gardens,KKR,0,0,16,14,0,0
447,448,2014,Ranchi,22-05-2014,CSK,SH,SH,field,JSCA International Stadium Complex,SH,0,0,16,14,0,0
448,449,2014,Mumbai,23-05-2014,MI,DD,DD,field,Wankhede Stadium,MI,0,0,15,14,0,0
449,450,2014,Chandigarh,23-05-2014,KXIP,RR,RR,field,"Punjab Cricket Association Stadium, Mohali",KXIP,0,0,17,14,0,0
450,451,2014,Bangalore,24-05-2014,RCB,CSK,CSK,field,M Chinnaswamy Stadium,CSK,0,0,14,16,0,0
451,452,2014,Kolkata,24-05-2014,SH,KKR,KKR,field,Eden Gardens,KKR,0,0,14,16,0,0
452,453,2014,Chandigarh,25-05-2014,DD,KXIP,KXIP,field,"Punjab Cricket Association Stadium, Mohali",KXIP,0,0,14,17,0,0
453,454,2014,Mumbai,25-05-2014,RR,MI,MI,field,Wankhede Stadium,MI,0,0,14,15,0,0
454,455,2014,Kolkata,27-05-2014,KKR,KXIP,KXIP,field,Eden Gardens,KKR,0,0,16,17,0,0
455,456,2014,Mumbai,28-05-2014,MI,CSK,CSK,field,Brabourne Stadium,CSK,0,0,15,16,0,0
456,457,2014,Mumbai,30-05-2014,KXIP,CSK,CSK,field,Wankhede Stadium,KXIP,0,0,17,16,0,0
457,458,2014,Bangalore,01-06-2014,KXIP,KKR,KKR,field,M Chinnaswamy Stadium,KKR,0,0,17,16,0,0
458,459,2015,Kolkata,08-04-2015,MI,KKR,KKR,field,Eden Gardens,KKR,0,0,16,13,0,0
459,460,2015,Chennai,09-04-2015,CSK,DD,DD,field,"MA Chidambaram Stadium, Chepauk",CSK,0,0,17,14,0,0
460,461,2015,Pune,10-04-2015,RR,KXIP,KXIP,field,Maharashtra Cricket Association Stadium,RR,0,0,14,14,0,0
461,462,2015,Chennai,11-04-2015,CSK,SH,CSK,bat,"MA Chidambaram Stadium, Chepauk",CSK,0,0,17,14,0,0
462,463,2015,Kolkata,11-04-2015,KKR,RCB,RCB,field,Eden Gardens,RCB,0,0,13,16,0,0
463,464,2015,Delhi,12-04-2015,DD,RR,RR,field,Feroz Shah Kotla,RR,0,0,14,14,0,0
464,465,2015,Mumbai,12-04-2015,KXIP,MI,MI,field,Wankhede Stadium,KXIP,0,0,14,16,0,0
465,466,2015,Bangalore,13-04-2015,RCB,SH,SH,field,M Chinnaswamy Stadium,SH,0,0,16,14,0,0
466,467,2015,Ahmedabad,14-04-2015,MI,RR,MI,bat,"Sardar Patel Stadium, Motera",RR,0,0,16,14,0,0
467,468,2015,Kolkata,30-04-2015,CSK,KKR,KKR,field,Eden Gardens,KKR,0,0,17,13,0,0
468,469,2015,Pune,15-04-2015,KXIP,DD,KXIP,bat,Maharashtra Cricket Association Stadium,DD,0,0,14,14,0,0
469,470,2015,Visakhapatnam,16-04-2015,SH,RR,RR,field,Dr. Y.S. Rajasekhara Reddy ACA-VDCA Cricket Stadium,RR,0,0,14,14,0,0
470,471,2015,Mumbai,17-04-2015,MI,CSK,MI,bat,Wankhede Stadium,CSK,0,0,16,17,0,0
471,472,2015,Visakhapatnam,18-04-2015,DD,SH,DD,bat,Dr. Y.S. Rajasekhara Reddy ACA-VDCA Cricket Stadium,DD,0,0,14,14,0,0
472,473,2015,Pune,18-04-2015,KXIP,KKR,KKR,field,Maharashtra Cricket Association Stadium,KKR,0,0,14,13,0,0
473,474,2015,Ahmedabad,19-04-2015,CSK,RR,CSK,bat,"Sardar Patel Stadium, Motera",RR,0,0,17,14,0,0
474,475,2015,Bangalore,19-04-2015,MI,RCB,RCB,field,M Chinnaswamy Stadium,MI,0,0,16,16,0,0
475,476,2015,Delhi,20-04-2015,DD,KKR,KKR,field,Feroz Shah Kotla,KKR,0,0,14,13,0,0
476,477,2015,Ahmedabad,21-04-2015,RR,KXIP,KXIP,field,"Sardar Patel Stadium, Motera",KXIP,0,0,14,14,0,0
477,478,2015,Visakhapatnam,22-04-2015,SH,KKR,KKR,field,Dr. Y.S. Rajasekhara Reddy ACA-VDCA Cricket Stadium,SH,0,0,14,13,0,0
478,479,2015,Bangalore,22-04-2015,CSK,RCB,RCB,field,M Chinnaswamy Stadium,CSK,0,0,17,16,0,0
479,480,2015,Delhi,23-04-2015,DD,MI,MI,field,Feroz Shah Kotla,DD,0,0,14,16,0,0
480,481,2015,Ahmedabad,24-04-2015,RR,RCB,RCB,field,"Sardar Patel Stadium, Motera",RCB,0,0,14,16,0,0
481,482,2015,Mumbai,25-04-2015,MI,SH,MI,bat,Wankhede Stadium,MI,0,0,16,14,0,0
482,483,2015,Chennai,25-04-2015,CSK,KXIP,CSK,bat,"MA Chidambaram Stadium, Chepauk",CSK,0,0,17,14,0,0
483,484,2015,Delhi,26-04-2015,DD,RCB,RCB,field,Feroz Shah Kotla,RCB,0,0,14,16,0,0
484,485,2015,Chandigarh,27-04-2015,SH,KXIP,KXIP,field,"Punjab Cricket Association Stadium, Mohali",SH,0,0,14,14,0,0
485,486,2015,Kolkata,07-05-2015,KKR,DD,KKR,bat,Eden Gardens,KKR,0,0,13,14,0,0
486,487,2015,Bangalore,29-04-2015,RCB,RR,RR,field,M Chinnaswamy Stadium,,0,0,16,14,0,0
487,488,2015,Chennai,28-04-2015,CSK,KKR,KKR,field,"MA Chidambaram Stadium, Chepauk",CSK,0,0,17,13,0,0
488,489,2015,Delhi,01-05-2015,KXIP,DD,DD,field,Feroz Shah Kotla,DD,0,0,14,14,0,0
489,490,2015,Mumbai,01-05-2015,MI,RR,RR,field,Wankhede Stadium,MI,0,0,16,14,0,0
490,491,2015,Bangalore,02-05-2015,KKR,RCB,RCB,field,M Chinnaswamy Stadium,RCB,0,0,13,16,0,0
491,492,2015,Hyderabad,02-05-2015,SH,CSK,CSK,field,"Rajiv Gandhi International Stadium, Uppal",SH,0,0,14,17,0,0
492,493,2015,Chandigarh,03-05-2015,MI,KXIP,MI,bat,"Punjab Cricket Association Stadium, Mohali",MI,0,0,16,14,0,0
493,494,2015,Mumbai,03-05-2015,RR,DD,DD,field,Brabourne Stadium,RR,0,0,14,14,0,0
494,495,2015,Chennai,04-05-2015,CSK,RCB,CSK,bat,"MA Chidambaram Stadium, Chepauk",CSK,0,0,17,16,0,0
495,496,2015,Kolkata,04-05-2015,KKR,SH,SH,field,Eden Gardens,KKR,0,0,13,14,0,0
496,497,2015,Mumbai,05-05-2015,DD,MI,DD,bat,Wankhede Stadium,MI,0,0,14,16,0,0
497,498,2015,Bangalore,06-05-2015,RCB,KXIP,KXIP,field,M Chinnaswamy Stadium,RCB,0,0,16,14,0,0
498,499,2015,Mumbai,07-05-2015,SH,RR,RR,field,Brabourne Stadium,SH,0,0,14,14,0,0
499,500,2015,Chennai,08-05-2015,CSK,MI,CSK,bat,"MA Chidambaram Stadium, Chepauk",MI,0,0,17,16,0,0
500,501,2015,Kolkata,09-05-2015,KXIP,KKR,KXIP,bat,Eden Gardens,KKR,0,0,14,13,0,0
501,502,2015,Raipur,09-05-2015,SH,DD,SH,bat,Shaheed Veer Narayan Singh International Stadium,SH,0,0,14,14,0,0
502,503,2015,Mumbai,10-05-2015,RCB,MI,RCB,bat,Wankhede Stadium,RCB,0,0,16,16,0,0
503,504,2015,Chennai,10-05-2015,CSK,RR,CSK,bat,"MA Chidambaram Stadium, Chepauk",CSK,0,0,17,14,0,0
504,505,2015,Hyderabad,11-05-2015,SH,KXIP,SH,bat,"Rajiv Gandhi International Stadium, Uppal",SH,0,0,14,14,0,0
505,506,2015,Raipur,12-05-2015,CSK,DD,CSK,bat,Shaheed Veer Narayan Singh International Stadium,DD,0,0,17,14,0,0
506,507,2015,Chandigarh,13-05-2015,KXIP,RCB,RCB,field,"Punjab Cricket Association Stadium, Mohali",KXIP,0,0,14,16,0,0
507,508,2015,Mumbai,14-05-2015,MI,KKR,KKR,field,Wankhede Stadium,MI,0,0,16,13,0,0
508,509,2015,Hyderabad,15-05-2015,SH,RCB,SH,bat,"Rajiv Gandhi International Stadium, Uppal",RCB,0,0,14,16,0,0
509,510,2015,Chandigarh,16-05-2015,KXIP,CSK,KXIP,bat,"Punjab Cricket Association Stadium, Mohali",CSK,0,0,14,17,0,0
510,511,2015,Mumbai,16-05-2015,RR,KKR,RR,bat,Brabourne Stadium,RR,0,0,14,13,0,0
511,512,2015,Bangalore,17-05-2015,DD,RCB,RCB,field,M Chinnaswamy Stadium,,0,0,14,16,0,0
512,513,2015,Hyderabad,17-05-2015,SH,MI,SH,bat,"Rajiv Gandhi International Stadium, Uppal",MI,0,0,14,16,0,0
513,514,2015,Mumbai,19-05-2015,MI,CSK,MI,bat,Wankhede Stadium,MI,0,0,16,17,0,0
514,515,2015,Pune,20-05-2015,RCB,RR,RCB,bat,Maharashtra Cricket Association Stadium,RCB,0,0,16,14,0,0
515,516,2015,Ranchi,22-05-2015,RCB,CSK,CSK,field,JSCA International Stadium Complex,CSK,0,0,16,17,0,0
516,517,2015,Kolkata,24-05-2015,MI,CSK,CSK,field,Eden Gardens,MI,0,0,16,17,0,0
517,518,2016,Mumbai,09-04-2016,MI,RPS,MI,bat,Wankhede Stadium,RPS,0,0,14,14,0,0
518,519,2016,Kolkata,10-04-2016,DD,KKR,KKR,field,Eden Gardens,KKR,0,0,14,15,0,0
519,520,2016,Chandigarh,11-04-2016,KXIP,GL,GL,field,"Punjab Cricket Association IS Bindra Stadium, Mohali",GL,0,0,14,16,0,0
520,521,2016,Bangalore,12-04-2016,RCB,SH,SH,field,M Chinnaswamy Stadium,RCB,0,0,16,17,0,0
521,522,2016,Kolkata,13-04-2016,KKR,MI,MI,field,Eden Gardens,MI,0,0,15,14,0,0
522,523,2016,Rajkot,14-04-2016,RPS,GL,RPS,bat,Saurashtra Cricket Association Stadium,GL,0,0,14,16,0,0
523,524,2016,Delhi,15-04-2016,KXIP,DD,DD,field,Feroz Shah Kotla,DD,0,0,14,14,0,0
524,525,2016,Hyderabad,16-04-2016,SH,KKR,SH,bat,"Rajiv Gandhi International Stadium, Uppal",KKR,0,0,17,15,0,0
525,526,2016,Mumbai,16-04-2016,MI,GL,GL,field,Wankhede Stadium,GL,0,0,14,16,0,0
526,527,2016,Chandigarh,17-04-2016,RPS,KXIP,RPS,bat,"Punjab Cricket Association IS Bindra Stadium, Mohali",KXIP,0,0,14,14,0,0
527,528,2016,Bangalore,17-04-2016,RCB,DD,DD,field,M Chinnaswamy Stadium,DD,0,0,16,14,0,0
528,529,2016,Hyderabad,18-04-2016,MI,SH,SH,field,"Rajiv Gandhi International Stadium, Uppal",SH,0,0,14,17,0,0
529,530,2016,Chandigarh,19-04-2016,KXIP,KKR,KKR,field,"Punjab Cricket Association IS Bindra Stadium, Mohali",KKR,0,0,14,15,0,0
530,531,2016,Mumbai,20-04-2016,RCB,MI,MI,field,Wankhede Stadium,MI,0,0,16,14,0,0
531,532,2016,Rajkot,21-04-2016,GL,SH,SH,field,Saurashtra Cricket Association Stadium,SH,0,0,16,17,0,0
532,533,2016,Pune,22-04-2016,RCB,RPS,RPS,field,Maharashtra Cricket Association Stadium,RCB,0,0,16,14,0,0
533,534,2016,Delhi,23-04-2016,DD,MI,MI,field,Feroz Shah Kotla,DD,0,0,14,14,0,0
534,535,2016,Hyderabad,23-04-2016,KXIP,SH,SH,field,"Rajiv Gandhi International Stadium, Uppal",SH,0,0,14,17,0,0
535,536,2016,Rajkot,24-04-2016,RCB,GL,RCB,bat,Saurashtra Cricket Association Stadium,GL,0,0,16,16,0,0
536,537,2016,Pune,24-04-2016,RPS,KKR,KKR,field,Maharashtra Cricket Association Stadium,KKR,0,0,14,15,0,0
537,538,2016,Chandigarh,25-04-2016,MI,KXIP,KXIP,field,"Punjab Cricket Association IS Bindra Stadium, Mohali",MI,0,0,14,14,0,0
538,539,2016,Hyderabad,26-04-2016,SH,RPS,RPS,field,"Rajiv Gandhi International Stadium, Uppal",RPS,0,0,17,14,0,0
539,540,2016,Delhi,27-04-2016,GL,DD,DD,field,Feroz Shah Kotla,GL,0,0,16,14,0,0
540,541,2016,Mumbai,28-04-2016,KKR,MI,MI,field,Wankhede Stadium,MI,0,0,15,14,0,0
541,542,2016,Pune,29-04-2016,RPS,GL,GL,field,Maharashtra Cricket Association Stadium,GL,0,0,14,16,0,0
542,543,2016,Delhi,30-04-2016,DD,KKR,KKR,field,Feroz Shah Kotla,DD,0,0,14,15,0,0
543,544,2016,Hyderabad,30-04-2016,SH,RCB,RCB,field,"Rajiv Gandhi International Stadium, Uppal",SH,0,0,17,16,0,0
544,545,2016,Rajkot,01-05-2016,KXIP,GL,GL,field,Saurashtra Cricket Association Stadium,KXIP,0,0,14,16,0,0
545,546,2016,Pune,01-05-2016,RPS,MI,MI,field,Maharashtra Cricket Association Stadium,MI,0,0,14,14,0,0
546,547,2016,Bangalore,02-05-2016,RCB,KKR,KKR,field,M Chinnaswamy Stadium,KKR,0,0,16,15,0,0
547,548,2016,Rajkot,03-05-2016,GL,DD,DD,field,Saurashtra Cricket Association Stadium,DD,0,0,16,14,0,0
548,549,2016,Kolkata,04-05-2016,KKR,KXIP,KXIP,field,Eden Gardens,KKR,0,0,15,14,0,0
549,550,2016,Delhi,05-05-2016,DD,RPS,RPS,field,Feroz Shah Kotla,RPS,0,0,14,14,0,0
550,551,2016,Hyderabad,06-05-2016,GL,SH,SH,field,"Rajiv Gandhi International Stadium, Uppal",SH,0,0,16,17,0,0
551,552,2016,Bangalore,07-05-2016,RPS,RCB,RCB,field,M Chinnaswamy Stadium,RCB,0,0,14,16,0,0
552,553,2016,Chandigarh,07-05-2016,KXIP,DD,DD,field,"Punjab Cricket Association IS Bindra Stadium, Mohali",KXIP,0,0,14,14,0,0
553,554,2016,Visakhapatnam,08-05-2016,SH,MI,MI,field,Dr. Y.S. Rajasekhara Reddy ACA-VDCA Cricket Stadium,SH,0,0,17,14,0,0
554,555,2016,Kolkata,08-05-2016,KKR,GL,GL,field,Eden Gardens,GL,0,0,15,16,0,0
555,556,2016,Chandigarh,09-05-2016,RCB,KXIP,KXIP,field,"Punjab Cricket Association IS Bindra Stadium, Mohali",RCB,0,0,16,14,0,0
556,557,2016,Visakhapatnam,10-05-2016,SH,RPS,SH,bat,Dr. Y.S. Rajasekhara Reddy ACA-VDCA Cricket Stadium,SH,0,0,17,14,0,0
557,558,2016,Bangalore,11-05-2016,RCB,MI,MI,field,M Chinnaswamy Stadium,MI,0,0,16,14,0,0
558,559,2016,Hyderabad,12-05-2016,SH,DD,DD,field,"Rajiv Gandhi International Stadium, Uppal",DD,0,0,17,14,0,0
559,560,2016,Visakhapatnam,13-05-2016,MI,KXIP,MI,bat,Dr. Y.S. Rajasekhara Reddy ACA-VDCA Cricket Stadium,KXIP,0,0,14,14,0,0
560,561,2016,Bangalore,14-05-2016,RCB,GL,GL,field,M Chinnaswamy Stadium,RCB,0,0,16,16,0,0
561,562,2016,Kolkata,14-05-2016,RPS,KKR,RPS,bat,Eden Gardens,KKR,0,0,14,15,0,0
562,563,2016,Chandigarh,15-05-2016,KXIP,SH,KXIP,bat,"Punjab Cricket Association IS Bindra Stadium, Mohali",SH,0,0,14,17,0,0
563,564,2016,Visakhapatnam,15-05-2016,MI,DD,DD,field,Dr. Y.S. Rajasekhara Reddy ACA-VDCA Cricket Stadium,MI,0,0,14,14,0,0
564,565,2016,Kolkata,16-05-2016,KKR,RCB,RCB,field,Eden Gardens,RCB,0,0,15,16,0,0
565,566,2016,Visakhapatnam,17-05-2016,DD,RPS,RPS,field,Dr. Y.S. Rajasekhara Reddy ACA-VDCA Cricket Stadium,RPS,0,0,14,14,0,0
566,567,2016,Bangalore,18-05-2016,RCB,KXIP,KXIP,field,M Chinnaswamy Stadium,RCB,0,0,16,14,0,0
567,568,2016,Kanpur,19-05-2016,KKR,GL,GL,field,Green Park,GL,0,0,15,16,0,0
568,569,2016,Raipur,20-05-2016,SH,DD,DD,field,Shaheed Veer Narayan Singh International Stadium,DD,0,0,17,14,0,0
569,570,2016,Visakhapatnam,21-05-2016,KXIP,RPS,KXIP,bat,Dr. Y.S. Rajasekhara Reddy ACA-VDCA Cricket Stadium,RPS,0,0,14,14,0,0
570,571,2016,Kanpur,21-05-2016,MI,GL,GL,field,Green Park,GL,0,0,14,16,0,0
571,572,2016,Kolkata,22-05-2016,KKR,SH,SH,field,Eden Gardens,KKR,0,0,15,17,0,0
572,573,2016,Raipur,22-05-2016,DD,RCB,RCB,field,Shaheed Veer Narayan Singh International Stadium,RCB,0,0,14,16,0,0
573,574,2016,Bangalore,24-05-2016,GL,RCB,RCB,field,M Chinnaswamy Stadium,RCB,0,0,16,16,0,0
574,575,2016,Delhi,25-05-2016,SH,KKR,KKR,field,Feroz Shah Kotla,SH,0,0,17,15,0,0
575,576,2016,Delhi,27-05-2016,GL,SH,SH,field,Feroz Shah Kotla,SH,0,0,16,17,0,0
576,577,2016,Bangalore,29-05-2016,SH,RCB,SH,bat,M Chinnaswamy Stadium,SH,0,0,17,16,0,0
577,578,2017,Hyderabad,05-04-2017,SH,RCB,RCB,field,"Rajiv Gandhi International Stadium, Uppal",SH,0,0,14,13,0,0
578,579,2017,Pune,06-04-2017,MI,RPS,RPS,field,Maharashtra Cricket Association Stadium,RPS,0,0,17,16,0,0
579,580,2017,Rajkot,07-04-2017,GL,KKR,KKR,field,Saurashtra Cricket Association Stadium,KKR,0,0,14,16,0,0
580,581,2017,Indore,08-04-2017,RPS,KXIP,KXIP,field,Holkar Cricket Stadium,KXIP,0,0,16,14,0,0
581,582,2017,Bangalore,08-04-2017,RCB,DD,RCB,bat,M Chinnaswamy Stadium,RCB,0,0,13,14,0,0
582,583,2017,Hyderabad,09-04-2017,GL,SH,SH,field,"Rajiv Gandhi International Stadium, Uppal",SH,0,0,14,14,0,0
583,584,2017,Mumbai,09-04-2017,KKR,MI,MI,field,Wankhede Stadium,MI,0,0,16,17,0,0
584,585,2017,Indore,10-04-2017,RCB,KXIP,RCB,bat,Holkar Cricket Stadium,KXIP,0,0,13,14,0,0
585,586,2017,Pune,11-04-2017,DD,RPS,RPS,field,Maharashtra Cricket Association Stadium,DD,0,0,14,16,0,0
586,587,2017,Mumbai,12-04-2017,SH,MI,MI,field,Wankhede Stadium,MI,0,0,14,17,0,0
587,588,2017,Kolkata,13-04-2017,KXIP,KKR,KKR,field,Eden Gardens,KKR,0,0,14,16,0,0
588,589,2017,Bangalore,14-04-2017,RCB,MI,MI,field,M Chinnaswamy Stadium,MI,0,0,13,17,0,0
589,590,2017,Rajkot,14-04-2017,RPS,GL,GL,field,Saurashtra Cricket Association Stadium,GL,0,0,16,14,0,0
590,591,2017,Kolkata,15-04-2017,KKR,SH,SH,field,Eden Gardens,KKR,0,0,16,14,0,0
591,592,2017,Delhi,15-04-2017,DD,KXIP,DD,bat,Feroz Shah Kotla,DD,0,0,14,14,0,0
592,593,2017,Mumbai,16-04-2017,GL,MI,MI,field,Wankhede Stadium,MI,0,0,14,17,0,0
593,594,2017,Bangalore,16-04-2017,RPS,RCB,RCB,field,M Chinnaswamy Stadium,RPS,0,0,16,13,0,0
594,595,2017,Delhi,17-04-2017,DD,KKR,DD,bat,Feroz Shah Kotla,KKR,0,0,14,16,0,0
595,596,2017,Hyderabad,17-04-2017,SH,KXIP,KXIP,field,"Rajiv Gandhi International Stadium, Uppal",SH,0,0,14,14,0,0
596,597,2017,Rajkot,18-04-2017,RCB,GL,GL,field,Saurashtra Cricket Association Stadium,RCB,0,0,13,14,0,0
597,598,2017,Hyderabad,19-04-2017,SH,DD,SH,bat,"Rajiv Gandhi International Stadium, Uppal",SH,0,0,14,14,0,0
598,599,2017,Indore,20-04-2017,KXIP,MI,MI,field,Holkar Cricket Stadium,MI,0,0,14,17,0,0
599,600,2017,Kolkata,21-04-2017,KKR,GL,GL,field,Eden Gardens,GL,0,0,16,14,0,0
600,601,2017,Mumbai,22-04-2017,MI,DD,DD,field,Wankhede Stadium,MI,0,0,17,14,0,0
601,602,2017,Pune,22-04-2017,SH,RPS,RPS,field,Maharashtra Cricket Association Stadium,RPS,0,0,14,16,0,0
602,603,2017,Rajkot,23-04-2017,KXIP,GL,GL,field,Saurashtra Cricket Association Stadium,KXIP,0,0,14,14,0,0
603,604,2017,Kolkata,23-04-2017,KKR,RCB,RCB,field,Eden Gardens,KKR,0,0,16,13,0,0
604,605,2017,Mumbai,24-04-2017,RPS,MI,MI,field,Wankhede Stadium,RPS,0,0,16,17,0,0
605,606,2017,Pune,26-04-2017,RPS,KKR,KKR,field,Maharashtra Cricket Association Stadium,KKR,0,0,16,16,0,0
606,607,2017,Bangalore,27-04-2017,RCB,GL,GL,field,M Chinnaswamy Stadium,GL,0,0,13,14,0,0
607,608,2017,Kolkata,28-04-2017,DD,KKR,KKR,field,Eden Gardens,KKR,0,0,14,16,0,0
608,609,2017,Chandigarh,28-04-2017,SH,KXIP,KXIP,field,"Punjab Cricket Association IS Bindra Stadium, Mohali",SH,0,0,14,14,0,0
609,610,2017,Pune,29-04-2017,RPS,RCB,RCB,field,Maharashtra Cricket Association Stadium,RPS,0,0,16,13,0,0
610,611,2017,Rajkot,29-04-2017,GL,MI,GL,bat,Saurashtra Cricket Association Stadium,MI,0,0,14,17,0,0
611,612,2017,Chandigarh,30-04-2017,DD,KXIP,KXIP,field,"Punjab Cricket Association IS Bindra Stadium, Mohali",KXIP,0,0,14,14,0,0
612,613,2017,Hyderabad,30-04-2017,SH,KKR,KKR,field,"Rajiv Gandhi International Stadium, Uppal",SH,0,0,14,16,0,0
613,614,2017,Mumbai,01-05-2017,RCB,MI,RCB,bat,Wankhede Stadium,MI,0,0,13,17,0,0
614,615,2017,Pune,01-05-2017,GL,RPS,RPS,field,Maharashtra Cricket Association Stadium,RPS,0,0,14,16,0,0
615,616,2017,Delhi,02-05-2017,SH,DD,DD,field,Feroz Shah Kotla,DD,0,0,14,14,0,0
616,617,2017,Kolkata,03-05-2017,KKR,RPS,RPS,field,Eden Gardens,RPS,0,0,16,16,0,0
617,618,2017,Delhi,04-05-2017,GL,DD,DD,field,Feroz Shah Kotla,DD,0,0,14,14,0,0
618,619,2017,Bangalore,05-05-2017,KXIP,RCB,RCB,field,M Chinnaswamy Stadium,KXIP,0,0,14,13,0,0
619,620,2017,Hyderabad,06-05-2017,RPS,SH,SH,field,"Rajiv Gandhi International Stadium, Uppal",RPS,0,0,16,14,0,0
620,621,2017,Delhi,06-05-2017,MI,DD,DD,field,Feroz Shah Kotla,MI,0,0,17,14,0,0
621,622,2017,Bangalore,07-05-2017,RCB,KKR,KKR,field,M Chinnaswamy Stadium,KKR,0,0,13,16,0,0
622,623,2017,Chandigarh,07-05-2017,KXIP,GL,GL,field,"Punjab Cricket Association IS Bindra Stadium, Mohali",GL,0,0,14,14,0,0
623,624,2017,Hyderabad,08-05-2017,MI,SH,MI,bat,"Rajiv Gandhi International Stadium, Uppal",SH,0,0,17,14,0,0
624,625,2017,Chandigarh,09-05-2017,KXIP,KKR,KKR,field,"Punjab Cricket Association IS Bindra Stadium, Mohali",KXIP,0,0,14,16,0,0
625,626,2017,Kanpur,10-05-2017,GL,DD,DD,field,Green Park,DD,0,0,14,14,0,0
626,627,2017,Mumbai,11-05-2017,KXIP,MI,MI,field,Wankhede Stadium,KXIP,0,0,14,17,0,0
627,628,2017,Delhi,12-05-2017,DD,RPS,DD,bat,Feroz Shah Kotla,DD,0,0,14,16,0,0
628,629,2017,Kanpur,13-05-2017,GL,SH,SH,field,Green Park,SH,0,0,14,14,0,0
629,630,2017,Kolkata,13-05-2017,MI,KKR,KKR,field,Eden Gardens,MI,0,0,17,16,0,0
630,631,2017,Pune,14-05-2017,KXIP,RPS,RPS,field,Maharashtra Cricket Association Stadium,RPS,0,0,14,16,0,0
631,632,2017,Delhi,14-05-2017,RCB,DD,RCB,bat,Feroz Shah Kotla,RCB,0,0,13,14,0,0
632,633,2017,Mumbai,16-05-2017,RPS,MI,MI,field,Wankhede Stadium,RPS,0,0,16,17,0,0
633,634,2017,Bangalore,17-05-2017,SH,KKR,KKR,field,M Chinnaswamy Stadium,KKR,0,0,14,16,0,0
634,635,2017,Bangalore,19-05-2017,KKR,MI,MI,field,M Chinnaswamy Stadium,MI,0,0,16,17,0,0
635,636,2017,Hyderabad,21-05-2017,MI,RPS,MI,bat,"Rajiv Gandhi International Stadium, Uppal",MI,0,0,17,16,0,0
