ID,Season,Home,Away,TossWin,TossDec,Venue,Away_points,Home_points,Winner
2008_1,2008,RCB,KKR,Home,field,M.Chinnaswamy Stadium,0,0,Away
2008_2,2008,KXIP,CSK,Away,bat,Punjab Cricket Association IS Bindra Stadium,0,0,Away
2008_3,2008,DD,RR,Away,bat,Arun Jaitley Stadium,0,0,Home
2008_4,2008,KKR,DC,Away,bat,Eden Gardens,0,0,Home
2008_5,2008,MI,RCB,Home,bat,Wankhede Stadium,0,0,Away
2008_6,2008,RR,KXIP,Away,bat,Sawai Mansingh Stadium,0,0,Home
2008_7,2008,DC,DD,Home,bat,Rajiv Gandhi International Stadium,0,0,Away
2008_8,2008,CSK,MI,Away,field,MA Chidambaram Stadium,0,0,Home
2008_9,2008,DC,RR,Away,field,Rajiv Gandhi International Stadium,0,0,Away
2008_10,2008,KXIP,MI,Away,field,Punjab Cricket Association IS Bindra Stadium,0,0,Home
2008_11,2008,CSK,KKR,Away,bat,MA Chidambaram Stadium,0,0,Home
2008_12,2008,RCB,RR,Away,field,M.Chinnaswamy Stadium,0,0,Away
2008_13,2008,KXIP,DD,Away,bat,Punjab Cricket Association IS Bindra Stadium,0,0,Home
2008_14,2008,DC,MI,Home,field,Dr DY Patil Sports Academy,0,0,Home
2008_15,2008,RCB,CSK,Away,bat,M.Chinnaswamy Stadium,0,0,Away
2008_16,2008,KKR,MI,Home,bat,Eden Gardens,0,0,Away
2008_17,2008,DD,RCB,Away,field,Arun Jaitley Stadium,0,0,Home
2008_18,2008,RR,KKR,Home,bat,Sawai Mansingh Stadium,0,0,Home
2008_19,2008,DC,KXIP,Away,field,Rajiv Gandhi International Stadium,0,0,Away
2008_20,2008,CSK,DD,Home,bat,MA Chidambaram Stadium,0,0,Away
2008_21,2008,RCB,DC,Away,field,M.Chinnaswamy Stadium,0,0,Home
2008_22,2008,KXIP,KKR,Home,bat,Punjab Cricket Association IS Bindra Stadium,0,0,Home
2008_23,2008,MI,DD,Away,field,Dr DY Patil Sports Academy,0,0,Home
2008_24,2008,RR,CSK,Away,bat,Sawai Mansingh Stadium,0,0,Home
2008_25,2008,RCB,KXIP,Away,field,M.Chinnaswamy Stadium,0,0,Away
2008_26,2008,CSK,DC,Away,field,MA Chidambaram Stadium,0,0,Away
2008_27,2008,MI,RR,Home,field,Dr DY Patil Sports Academy,0,0,Home
2008_28,2008,DD,CSK,Away,field,Arun Jaitley Stadium,0,0,Away
2008_29,2008,KKR,RCB,Home,bat,Eden Gardens,0,0,Home
2008_30,2008,RR,DC,Home,field,Sawai Mansingh Stadium,0,0,Home
2008_31,2008,CSK,KXIP,Away,field,MA Chidambaram Stadium,0,0,Home
2008_32,2008,DC,KKR,Away,bat,Rajiv Gandhi International Stadium,0,0,Away
2008_33,2008,RR,DD,Home,field,Sawai Mansingh Stadium,0,0,Home
2008_34,2008,KXIP,RCB,Away,bat,Punjab Cricket Association IS Bindra Stadium,0,0,Home
2008_35,2008,KKR,DD,Home,bat,Eden Gardens,0,0,Home
2008_36,2008,MI,CSK,Home,field,Wankhede Stadium,0,0,Home
2008_37,2008,DD,DC,Away,field,Arun Jaitley Stadium,0,0,Home
2008_38,2008,MI,KKR,Home,field,Wankhede Stadium,0,0,Home
2008_39,2008,RR,RCB,Away,field,Sawai Mansingh Stadium,0,0,Home
2008_40,2008,DD,KXIP,Home,bat,Arun Jaitley Stadium,0,0,Away
2008_41,2008,KKR,CSK,Home,bat,Eden Gardens,0,0,Away
2008_42,2008,DC,MI,Home,field,Rajiv Gandhi International Stadium,0,0,Away
2008_43,2008,RCB,DD,Away,field,M.Chinnaswamy Stadium,0,0,Away
2008_44,2008,KKR,RR,Away,field,Eden Gardens,0,0,Away
2008_45,2008,MI,KXIP,Home,field,Wankhede Stadium,0,0,Away
2008_46,2008,CSK,RCB,Away,bat,MA Chidambaram Stadium,0,0,Away
2008_47,2008,DD,KKR,none,none,Arun Jaitley Stadium,0,0,Tie
2008_48,2008,KXIP,DC,Home,field,Punjab Cricket Association IS Bindra Stadium,0,0,Home
2008_49,2008,CSK,RR,Away,bat,MA Chidambaram Stadium,0,0,Away
2008_50,2008,DD,MI,Home,field,Arun Jaitley Stadium,0,0,Home
2008_51,2008,DC,RCB,Home,bat,Rajiv Gandhi International Stadium,0,0,Away
2008_52,2008,KKR,KXIP,Away,bat,Eden Gardens,0,0,Home
2008_53,2008,RR,MI,Home,field,Sawai Mansingh Stadium,0,0,Home
2008_54,2008,DC,CSK,Home,bat,Rajiv Gandhi International Stadium,0,0,Away
2008_55,2008,RCB,MI,Away,field,M.Chinnaswamy Stadium,0,0,Away
2008_56,2008,KXIP,RR,Away,field,Punjab Cricket Association IS Bindra Stadium,0,0,Home
2008_57,2008,RR,DD,Away,field,Wankhede Stadium,0,0,Home
2008_58,2008,KXIP,CSK,Home,bat,Wankhede Stadium,0,0,Away
2008_59,2008,CSK,RR,Away,field,Dr DY Patil Sports Academy,0,0,Away
2009_1,2009,MI,CSK,Away,field,Newlands,0,0,Home
2009_2,2009,RCB,RR,Home,bat,Newlands,0,0,Home
2009_3,2009,KXIP,DD,Away,field,Newlands,0,0,Away
2009_4,2009,KKR,DC,Home,bat,Newlands,0,0,Away
2009_5,2009,CSK,RCB,Home,bat,St George's Park,0,0,Home
2009_6,2009,KXIP,KKR,Away,field,Kingsmead,0,0,Away
2009_7,2009,MI,RR,none,none,Kingsmead,0,0,Tie
2009_8,2009,DC,RCB,Home,bat,Newlands,0,0,Home
2009_9,2009,DD,CSK,Home,bat,Kingsmead,0,0,Home
2009_10,2009,RR,KKR,Away,field,Newlands,0,0,Home
2009_11,2009,RCB,KXIP,Home,bat,Kingsmead,0,0,Away
2009_12,2009,DC,MI,Home,bat,Kingsmead,0,0,Home
2009_13,2009,CSK,KKR,none,none,Newlands,0,0,Tie
2009_14,2009,RCB,DD,Home,bat,St George's Park,0,0,Away
2009_15,2009,KXIP,RR,Home,bat,Newlands,0,0,Home
2009_16,2009,CSK,DC,Away,field,Kingsmead,0,0,Away
2009_17,2009,MI,KKR,Home,bat,St George's Park,0,0,Home
2009_18,2009,DD,RR,Home,bat,SuperSport Park,0,0,Away
2009_19,2009,KKR,RCB,Home,bat,Kingsmead,0,0,Away
2009_20,2009,KXIP,MI,Home,bat,Kingsmead,0,0,Home
2009_21,2009,DC,DD,Away,field,SuperSport Park,0,0,Away
2009_22,2009,CSK,RR,Away,field,SuperSport Park,0,0,Home
2009_23,2009,MI,KKR,Home,bat,Buffalo Park,0,0,Home
2009_24,2009,RCB,KXIP,Home,bat,Kingsmead,0,0,Home
2009_25,2009,DC,RR,Home,bat,St George's Park,0,0,Away
2009_26,2009,CSK,DD,Away,field,The Wanderers Stadium,0,0,Home
2009_27,2009,KKR,KXIP,Home,bat,St George's Park,0,0,Away
2009_28,2009,MI,RCB,Home,bat,The Wanderers Stadium,0,0,Away
2009_29,2009,CSK,DC,Home,bat,Buffalo Park,0,0,Home
2009_30,2009,RR,KXIP,Away,field,Kingsmead,0,0,Home
2009_31,2009,KKR,DD,Home,bat,Kingsmead,0,0,Away
2009_32,2009,DC,MI,Home,bat,SuperSport Park,0,0,Home
2009_33,2009,RCB,RR,Away,field,SuperSport Park,0,0,Away
2009_34,2009,CSK,KXIP,Home,bat,SuperSport Park,0,0,Home
2009_35,2009,MI,DD,Home,bat,Buffalo Park,0,0,Away
2009_36,2009,DC,KXIP,Away,field,Diamond Oval,0,0,Away
2009_37,2009,RR,CSK,Home,bat,Diamond Oval,0,0,Away
2009_38,2009,MI,RCB,Home,bat,St George's Park,0,0,Home
2009_39,2009,KKR,DD,Away,field,The Wanderers Stadium,0,0,Away
2009_40,2009,DC,RR,Home,bat,Diamond Oval,0,0,Home
2009_41,2009,KKR,RCB,Away,field,SuperSport Park,0,0,Away
2009_42,2009,KXIP,MI,Home,bat,SuperSport Park,0,0,Away
2009_43,2009,DD,DC,Away,field,Kingsmead,0,0,Home
2009_44,2009,CSK,RCB,Home,bat,Kingsmead,0,0,Away
2009_45,2009,RR,MI,Home,bat,Kingsmead,0,0,Home
2009_46,2009,DD,KXIP,Away,field,Mangaung Oval,0,0,Away
2009_47,2009,MI,CSK,Home,bat,St George's Park,0,0,Away
2009_48,2009,KKR,DC,Away,field,The Wanderers Stadium,0,0,Away
2009_49,2009,KXIP,DC,Away,field,The Wanderers Stadium,0,0,Home
2009_50,2009,DD,RR,Home,bat,Mangaung Oval,0,0,Home
2009_51,2009,CSK,KKR,Home,bat,SuperSport Park,0,0,Away
2009_52,2009,DD,RCB,Home,bat,The Wanderers Stadium,0,0,Away
2009_53,2009,RR,KKR,Away,field,Kingsmead,0,0,Away
2009_54,2009,CSK,KXIP,Home,bat,Kingsmead,0,0,Home
2009_55,2009,MI,DD,Away,field,SuperSport Park,0,0,Away
2009_56,2009,RCB,DC,Home,bat,SuperSport Park,0,0,Home
2009_57,2009,DD,DC,Away,field,SuperSport Park,0,0,Away
2009_58,2009,CSK,RCB,Away,field,The Wanderers Stadium,0,0,Away
2009_59,2009,DC,RCB,Away,field,The Wanderers Stadium,0,0,Home
2010_1,2010,DC,KKR,Home,field,Dr DY Patil Sports Academy,0,0,Away
2010_2,2010,RR,MI,Away,bat,Brabourne Stadium,0,0,Away
2010_3,2010,KXIP,DD,Away,field,Punjab Cricket Association IS Bindra Stadium,0,0,Away
2010_4,2010,KKR,RCB,Home,field,Eden Gardens,0,0,Home
2010_5,2010,CSK,DC,Away,bat,MA Chidambaram Stadium,0,0,Away
2010_6,2010,RR,DD,Away,field,Sardar Patel (Gujarat) Stadium,0,0,Away
2010_7,2010,RCB,KXIP,Away,bat,M.Chinnaswamy Stadium,0,0,Home
2010_8,2010,KKR,CSK,Away,bat,Eden Gardens,0,0,Away
2010_9,2010,DD,MI,Home,field,Arun Jaitley Stadium,0,0,Away
2010_10,2010,RCB,RR,Home,field,M.Chinnaswamy Stadium,0,0,Home
2010_11,2010,DD,CSK,Home,bat,Arun Jaitley Stadium,0,0,Away
2010_12,2010,KXIP,DC,Home,field,Barabati Stadium,0,0,Away
2010_13,2010,RR,KKR,Home,bat,Sardar Patel (Gujarat) Stadium,0,0,Home
2010_14,2010,MI,RCB,Home,bat,Brabourne Stadium,0,0,Away
2010_15,2010,DC,DD,Home,bat,Barabati Stadium,0,0,Home
2010_16,2010,CSK,KXIP,Home,field,MA Chidambaram Stadium,0,0,Away
2010_17,2010,MI,KKR,Away,bat,Brabourne Stadium,0,0,Home
2010_18,2010,RCB,CSK,Away,field,M.Chinnaswamy Stadium,0,0,Home
2010_19,2010,KXIP,RR,Home,field,Punjab Cricket Association IS Bindra Stadium,0,0,Away
2010_20,2010,RCB,DD,Home,field,M.Chinnaswamy Stadium,0,0,Away
2010_21,2010,MI,CSK,Home,field,Brabourne Stadium,0,0,Home
2010_22,2010,RR,DC,Away,bat,Sardar Patel (Gujarat) Stadium,0,0,Home
2010_23,2010,KXIP,KKR,Away,bat,Punjab Cricket Association IS Bindra Stadium,0,0,Away
2010_24,2010,RR,CSK,Home,bat,Sardar Patel (Gujarat) Stadium,0,0,Home
2010_25,2010,DC,MI,Home,field,Dr DY Patil Sports Academy,0,0,Away
2010_26,2010,DD,KKR,Home,bat,Arun Jaitley Stadium,0,0,Home
2010_27,2010,MI,KXIP,Home,field,Brabourne Stadium,0,0,Home
2010_28,2010,CSK,RCB,Away,bat,MA Chidambaram Stadium,0,0,Home
2010_29,2010,DD,RR,Home,bat,Arun Jaitley Stadium,0,0,Home
2010_30,2010,KKR,DC,Home,bat,Eden Gardens,0,0,Home
2010_31,2010,KXIP,RCB,Home,bat,Punjab Cricket Association IS Bindra Stadium,0,0,Away
2010_32,2010,CSK,RR,Home,bat,MA Chidambaram Stadium,0,0,Home
2010_33,2010,MI,DC,Home,bat,Brabourne Stadium,0,0,Home
2010_34,2010,KKR,KXIP,Home,bat,Eden Gardens,0,0,Away
2010_35,2010,DD,RCB,Home,bat,Arun Jaitley Stadium,0,0,Home
2010_36,2010,RR,DC,Home,bat,Vidarbha Cricket Association Stadium,0,0,Home
2010_37,2010,CSK,MI,Home,bat,MA Chidambaram Stadium,0,0,Home
2010_38,2010,RR,KXIP,Away,bat,Sawai Mansingh Stadium,0,0,Home
2010_39,2010,KKR,DD,Home,bat,Eden Gardens,0,0,Home
2010_40,2010,RCB,DC,Away,field,M.Chinnaswamy Stadium,0,0,Away
2010_41,2010,KXIP,MI,Away,bat,Punjab Cricket Association IS Bindra Stadium,0,0,Home
2010_42,2010,CSK,DC,Home,bat,Vidarbha Cricket Association Stadium,0,0,Away
2010_43,2010,RCB,KKR,Home,field,M.Chinnaswamy Stadium,0,0,Home
2010_44,2010,DD,KXIP,Home,bat,Arun Jaitley Stadium,0,0,Away
2010_45,2010,RR,MI,Home,field,Sawai Mansingh Stadium,0,0,Away
2010_46,2010,DC,RCB,Away,field,Vidarbha Cricket Association Stadium,0,0,Home
2010_47,2010,MI,DD,Home,bat,Brabourne Stadium,0,0,Home
2010_48,2010,CSK,KKR,Away,bat,MA Chidambaram Stadium,0,0,Home
2010_49,2010,RR,RCB,Home,bat,Sawai Mansingh Stadium,0,0,Away
2010_50,2010,CSK,DD,Home,bat,MA Chidambaram Stadium,0,0,Away
2010_51,2010,KXIP,DC,Away,field,Himachal Pradesh Cricket Association Stadium,0,0,Away
2010_52,2010,RCB,MI,Home,field,M.Chinnaswamy Stadium,0,0,Away
2010_53,2010,KKR,RR,Away,bat,Eden Gardens,0,0,Home
2010_54,2010,KXIP,CSK,Away,field,Himachal Pradesh Cricket Association Stadium,0,0,Away
2010_55,2010,DD,DC,Away,bat,Arun Jaitley Stadium,0,0,Away
2010_56,2010,KKR,MI,Away,bat,Eden Gardens,0,0,Home
2010_57,2010,MI,RCB,Home,bat,Dr DY Patil Sports Academy,0,0,Home
2010_58,2010,DC,CSK,Away,bat,Dr DY Patil Sports Academy,0,0,Away
2010_59,2010,DC,RCB,Home,bat,Dr DY Patil Sports Academy,0,0,Away
2010_60,2010,MI,CSK,Away,bat,Dr DY Patil Sports Academy,0,0,Away
2011_1,2011,CSK,KKR,Home,bat,MA Chidambaram Stadium,0,0,Home
2011_2,2011,DC,RR,Away,field,Rajiv Gandhi International Stadium,0,0,Away
2011_3,2011,Kochi,RCB,Home,bat,Nehru Stadium,0,0,Away
2011_4,2011,DD,MI,Home,bat,Arun Jaitley Stadium,0,0,Away
2011_5,2011,KXIP,PWI,Home,bat,Dr DY Patil Sports Academy,0,0,Away
2011_6,2011,KKR,DC,Home,bat,Eden Gardens,0,0,Home
2011_7,2011,RR,DD,Away,bat,Sawai Mansingh Stadium,0,0,Home
2011_8,2011,RCB,MI,Away,field,M.Chinnaswamy Stadium,0,0,Away
2011_9,2011,KXIP,CSK,Home,field,Punjab Cricket Association IS Bindra Stadium,0,0,Home
2011_10,2011,Kochi,PWI,Home,bat,Dr DY Patil Sports Academy,0,0,Away
2011_11,2011,DC,RCB,Away,field,Rajiv Gandhi International Stadium,0,0,Home
2011_12,2011,RR,KKR,Away,field,Sawai Mansingh Stadium,0,0,Away
2011_13,2011,MI,Kochi,Away,field,Wankhede Stadium,0,0,Away
2011_14,2011,CSK,RCB,Home,bat,MA Chidambaram Stadium,0,0,Home
2011_15,2011,DC,KXIP,Away,field,Rajiv Gandhi International Stadium,0,0,Away
2011_16,2011,PWI,DD,Away,field,Dr DY Patil Sports Academy,0,0,Away
2011_17,2011,KKR,RR,Home,field,Eden Gardens,0,0,Home
2011_18,2011,CSK,Kochi,Away,field,Nehru Stadium,0,0,Away
2011_19,2011,DD,DC,Away,bat,Arun Jaitley Stadium,0,0,Away
2011_20,2011,RCB,RR,none,none,M.Chinnaswamy Stadium,0,0,Tie
2011_21,2011,MI,PWI,Away,bat,Wankhede Stadium,0,0,Home
2011_22,2011,KKR,Kochi,Home,field,Eden Gardens,0,0,Away
2011_23,2011,KXIP,RR,Away,field,Punjab Cricket Association IS Bindra Stadium,0,0,Home
2011_24,2011,KKR,RCB,Away,field,Eden Gardens,0,0,Away
2011_25,2011,MI,CSK,Away,field,Wankhede Stadium,0,0,Home
2011_26,2011,DD,KXIP,Away,field,Arun Jaitley Stadium,0,0,Home
2011_27,2011,DC,MI,Home,field,Rajiv Gandhi International Stadium,0,0,Away
2011_28,2011,RR,Kochi,Home,field,Sawai Mansingh Stadium,0,0,Home
2011_29,2011,CSK,PWI,Away,field,MA Chidambaram Stadium,0,0,Home
2011_30,2011,DD,RCB,Away,field,Arun Jaitley Stadium,0,0,Away
2011_31,2011,PWI,CSK,Home,bat,Dr DY Patil Sports Academy,0,0,Away
2011_32,2011,DC,Kochi,Away,field,Nehru Stadium,0,0,Home
2011_33,2011,DD,KKR,Home,field,Arun Jaitley Stadium,0,0,Away
2011_34,2011,RR,MI,Home,field,Sawai Mansingh Stadium,0,0,Home
2011_35,2011,RCB,PWI,Away,field,M.Chinnaswamy Stadium,0,0,Home
2011_36,2011,DD,Kochi,Home,bat,Nehru Stadium,0,0,Home
2011_37,2011,KKR,KXIP,Home,field,Eden Gardens,0,0,Home
2011_38,2011,RR,PWI,Home,field,Sawai Mansingh Stadium,0,0,Home
2011_39,2011,CSK,DC,Home,bat,MA Chidambaram Stadium,0,0,Home
2011_40,2011,MI,KXIP,Away,field,Wankhede Stadium,0,0,Home
2011_41,2011,DD,Kochi,Away,field,Arun Jaitley Stadium,0,0,Away
2011_42,2011,DC,KKR,Home,field,Rajiv Gandhi International Stadium,0,0,Away
2011_43,2011,CSK,RR,Away,bat,MA Chidambaram Stadium,0,0,Home
2011_44,2011,MI,PWI,Away,field,Dr DY Patil Sports Academy,0,0,Home
2011_45,2011,Kochi,KKR,Away,field,Nehru Stadium,0,0,Home
2011_46,2011,DC,DD,Away,field,Rajiv Gandhi International Stadium,0,0,Away
2011_47,2011,RCB,KXIP,Away,field,M.Chinnaswamy Stadium,0,0,Home
2011_48,2011,KKR,CSK,Away,bat,Eden Gardens,0,0,Home
2011_49,2011,MI,DD,Away,field,Wankhede Stadium,0,0,Home
2011_50,2011,RCB,Kochi,Away,bat,M.Chinnaswamy Stadium,0,0,Home
2011_51,2011,KXIP,PWI,Home,bat,Punjab Cricket Association IS Bindra Stadium,0,0,Away
2011_52,2011,RR,CSK,Home,field,Sawai Mansingh Stadium,0,0,Away
2011_53,2011,DC,PWI,Home,bat,Rajiv Gandhi International Stadium,0,0,Away
2011_54,2011,KXIP,MI,Away,field,Punjab Cricket Association IS Bindra Stadium,0,0,Home
2011_55,2011,RR,RCB,Away,field,Sawai Mansingh Stadium,0,0,Away
2011_56,2011,CSK,DD,Home,bat,MA Chidambaram Stadium,0,0,Home
2011_57,2011,KXIP,Kochi,Home,field,Holkar Cricket Stadium,0,0,Home
2011_58,2011,RCB,KKR,Home,field,M.Chinnaswamy Stadium,0,0,Home
2011_59,2011,MI,DC,Away,bat,Wankhede Stadium,0,0,Away
2011_60,2011,KXIP,DD,Away,field,Himachal Pradesh Cricket Association Stadium,0,0,Home
2011_61,2011,RR,Kochi,Away,field,Holkar Cricket Stadium,0,0,Away
2011_62,2011,DC,PWI,Home,field,Dr DY Patil Sports Academy,0,0,Home
2011_63,2011,KXIP,RCB,Home,bat,Himachal Pradesh Cricket Association Stadium,0,0,Home
2011_64,2011,CSK,Kochi,Home,bat,MA Chidambaram Stadium,0,0,Home
2011_65,2011,PWI,KKR,Away,field,Dr DY Patil Sports Academy,0,0,Away
2011_66,2011,MI,RR,Home,bat,Wankhede Stadium,0,0,Away
2011_67,2011,KXIP,DC,Home,field,Himachal Pradesh Cricket Association Stadium,0,0,Away
2011_68,2011,DD,PWI,Home,bat,Arun Jaitley Stadium,0,0,Tie
2011_69,2011,RCB,CSK,Home,field,M.Chinnaswamy Stadium,0,0,Home
2011_70,2011,KKR,MI,Away,field,Eden Gardens,0,0,Away
2011_71,2011,RCB,CSK,Away,field,Wankhede Stadium,0,0,Away
2011_72,2011,MI,KKR,Home,field,Wankhede Stadium,0,0,Home
2011_73,2011,RCB,MI,Away,field,MA Chidambaram Stadium,0,0,Home
2011_74,2011,CSK,RCB,Home,bat,MA Chidambaram Stadium,0,0,Home
2012_1,2012,CSK,MI,Away,field,MA Chidambaram Stadium,0,0,Away
2012_2,2012,KKR,DD,Away,field,Eden Gardens,0,0,Away
2012_3,2012,MI,PWI,Home,field,Wankhede Stadium,0,0,Away
2012_4,2012,RR,KXIP,Away,field,Sawai Mansingh Stadium,0,0,Home
2012_5,2012,RCB,DD,Away,field,M.Chinnaswamy Stadium,0,0,Home
2012_6,2012,DC,CSK,Home,field,Dr. Y.S. Rajasekhara Reddy ACA-VDCA Cricket Stadium,0,0,Away
2012_7,2012,RR,KKR,Away,field,Sawai Mansingh Stadium,0,0,Home
2012_8,2012,KXIP,PWI,Away,bat,Maharashtra Cricket Association Stadium,0,0,Away
2012_9,2012,MI,DC,Away,bat,Dr. Y.S. Rajasekhara Reddy ACA-VDCA Cricket Stadium,0,0,Home
2012_10,2012,RCB,KKR,Home,field,M.Chinnaswamy Stadium,0,0,Away
2012_11,2012,DD,CSK,Home,field,Arun Jaitley Stadium,0,0,Home
2012_12,2012,MI,RR,Away,field,Wankhede Stadium,0,0,Home
2012_13,2012,CSK,RCB,Away,bat,MA Chidambaram Stadium,0,0,Home
2012_14,2012,KXIP,PWI,Home,field,Punjab Cricket Association IS Bindra Stadium,0,0,Home
2012_15,2012,KKR,RR,Away,bat,Eden Gardens,0,0,Home
2012_16,2012,CSK,PWI,Home,bat,Maharashtra Cricket Association Stadium,0,0,Away
2012_17,2012,KKR,KXIP,Home,field,Eden Gardens,0,0,Away
2012_18,2012,RCB,RR,Away,bat,M.Chinnaswamy Stadium,0,0,Away
2012_19,2012,MI,DD,Away,field,Wankhede Stadium,0,0,Away
2012_20,2012,RR,DC,Away,bat,Sawai Mansingh Stadium,0,0,Home
2012_21,2012,RCB,PWI,Away,bat,M.Chinnaswamy Stadium,0,0,Home
2012_22,2012,KXIP,KKR,Home,bat,Punjab Cricket Association IS Bindra Stadium,0,0,Away
2012_23,2012,DD,DC,Away,bat,Arun Jaitley Stadium,0,0,Home
2012_24,2012,CSK,PWI,Away,field,MA Chidambaram Stadium,0,0,Home
2012_25,2012,KXIP,RCB,Away,field,Punjab Cricket Association IS Bindra Stadium,0,0,Away
2012_26,2012,CSK,RR,Away,bat,MA Chidambaram Stadium,0,0,Home
2012_27,2012,DD,PWI,Home,field,Arun Jaitley Stadium,0,0,Away
2012_28,2012,MI,KXIP,Home,bat,Wankhede Stadium,0,0,Away
2012_29,2012,KKR,DC,Home,field,Barabati Stadium,0,0,Home
2012_30,2012,RR,RCB,Home,field,Sawai Mansingh Stadium,0,0,Away
2012_31,2012,PWI,DD,Home,bat,Maharashtra Cricket Association Stadium,0,0,Away
2012_32,2012,KKR,DC,none,none,Eden Gardens,0,0,Tie
2012_33,2012,KXIP,MI,Home,bat,Punjab Cricket Association IS Bindra Stadium,0,0,Away
2012_34,2012,RCB,CSK,Home,field,M.Chinnaswamy Stadium,0,0,Tie
2012_35,2012,DC,PWI,Home,bat,Maharashtra Cricket Association Stadium,0,0,Home
2012_36,2012,DD,MI,Away,field,Arun Jaitley Stadium,0,0,Home
2012_37,2012,CSK,KXIP,Away,bat,MA Chidambaram Stadium,0,0,Away
2012_38,2012,KKR,RCB,Home,bat,Eden Gardens,0,0,Home
2012_39,2012,DD,RR,Home,bat,Arun Jaitley Stadium,0,0,Home
2012_40,2012,MI,DC,Home,field,Wankhede Stadium,0,0,Home
2012_41,2012,CSK,KKR,Home,bat,MA Chidambaram Stadium,0,0,Away
2012_42,2012,DC,PWI,Home,bat,Barabati Stadium,0,0,Home
2012_43,2012,RR,DD,Home,bat,Sawai Mansingh Stadium,0,0,Away
2012_44,2012,RCB,KXIP,Away,field,M.Chinnaswamy Stadium,0,0,Away
2012_45,2012,MI,PWI,Home,bat,Maharashtra Cricket Association Stadium,0,0,Home
2012_46,2012,CSK,DC,Home,bat,MA Chidambaram Stadium,0,0,Home
2012_47,2012,KKR,PWI,Home,bat,Eden Gardens,0,0,Home
2012_48,2012,KXIP,RR,Away,bat,Punjab Cricket Association IS Bindra Stadium,0,0,Away
2012_49,2012,MI,CSK,Home,field,Wankhede Stadium,0,0,Home
2012_50,2012,RCB,DC,Home,field,M.Chinnaswamy Stadium,0,0,Home
2012_51,2012,DD,KKR,Home,bat,Arun Jaitley Stadium,0,0,Away
2012_52,2012,PWI,RR,Home,bat,Maharashtra Cricket Association Stadium,0,0,Away
2012_53,2012,DC,KXIP,Home,field,Rajiv Gandhi International Stadium,0,0,Away
2012_54,2012,MI,RCB,Away,field,Wankhede Stadium,0,0,Away
2012_55,2012,DC,DD,Home,bat,Rajiv Gandhi International Stadium,0,0,Away
2012_56,2012,RR,CSK,Away,field,Sawai Mansingh Stadium,0,0,Away
2012_57,2012,RCB,PWI,Away,field,Maharashtra Cricket Association Stadium,0,0,Home
2012_58,2012,KKR,MI,Away,bat,Eden Gardens,0,0,Away
2012_59,2012,CSK,DD,Home,field,MA Chidambaram Stadium,0,0,Home
2012_60,2012,RR,PWI,Home,bat,Sawai Mansingh Stadium,0,0,Home
2012_61,2012,KXIP,DC,Away,bat,Punjab Cricket Association IS Bindra Stadium,0,0,Home
2012_62,2012,RCB,MI,Away,field,M.Chinnaswamy Stadium,0,0,Away
2012_63,2012,KKR,CSK,Away,field,Eden Gardens,0,0,Away
2012_64,2012,DD,KXIP,Away,bat,Arun Jaitley Stadium,0,0,Home
2012_65,2012,MI,KKR,Home,field,Wankhede Stadium,0,0,Away
2012_66,2012,KXIP,CSK,Home,field,Himachal Pradesh Cricket Association Stadium,0,0,Home
2012_67,2012,DD,RCB,Home,field,Arun Jaitley Stadium,0,0,Away
2012_68,2012,DC,RR,Away,bat,Rajiv Gandhi International Stadium,0,0,Home
2012_69,2012,KXIP,DD,Away,field,Himachal Pradesh Cricket Association Stadium,0,0,Away
2012_70,2012,KKR,PWI,Home,bat,Maharashtra Cricket Association Stadium,0,0,Home
2012_71,2012,DD,RCB,Away,field,Rajiv Gandhi International Stadium,0,0,Home
2012_72,2012,RR,MI,Home,bat,Sawai Mansingh Stadium,0,0,Away
2012_73,2012,KKR,DC,Home,bat,Maharashtra Cricket Association Stadium,0,0,Home
2012_74,2012,CSK,MI,Away,field,M.Chinnaswamy Stadium,0,0,Home
2012_75,2012,CSK,DD,Away,field,MA Chidambaram Stadium,0,0,Home
2012_76,2012,CSK,KKR,Home,bat,MA Chidambaram Stadium,0,0,Away
2013_1,2013,KKR,DD,Home,field,Eden Gardens,0,0,Home
2013_2,2013,RCB,MI,Away,field,M.Chinnaswamy Stadium,0,0,Home
2013_3,2013,SRH,PWI,Away,field,Rajiv Gandhi International Stadium,0,0,Home
2013_4,2013,DD,RR,Away,bat,Arun Jaitley Stadium,0,0,Away
2013_5,2013,CSK,MI,Away,bat,MA Chidambaram Stadium,0,0,Away
2013_6,2013,KXIP,PWI,Away,bat,Maharashtra Cricket Association Stadium,0,0,Home
2013_7,2013,SRH,RCB,Away,bat,Rajiv Gandhi International Stadium,0,0,Home
2013_8,2013,RR,KKR,Away,field,Sawai Mansingh Stadium,0,0,Home
2013_9,2013,RCB,SRH,Away,bat,M.Chinnaswamy Stadium,0,0,Home
2013_10,2013,MI,DD,Home,bat,Wankhede Stadium,0,0,Home
2013_11,2013,KXIP,CSK,Away,field,Punjab Cricket Association IS Bindra Stadium,0,0,Away
2013_12,2013,RCB,KKR,Home,field,M.Chinnaswamy Stadium,0,0,Home
2013_13,2013,RR,PWI,Home,bat,Maharashtra Cricket Association Stadium,0,0,Away
2013_14,2013,DD,SRH,Home,bat,Arun Jaitley Stadium,0,0,Away
2013_15,2013,MI,PWI,Home,bat,Wankhede Stadium,0,0,Home
2013_16,2013,CSK,RCB,Home,field,MA Chidambaram Stadium,0,0,Home
2013_17,2013,KKR,SRH,Home,bat,Eden Gardens,0,0,Home
2013_18,2013,RR,KXIP,Home,field,Sawai Mansingh Stadium,0,0,Home
2013_19,2013,CSK,PWI,Away,bat,MA Chidambaram Stadium,0,0,Away
2013_20,2013,KXIP,KKR,Away,field,Punjab Cricket Association IS Bindra Stadium,0,0,Home
2013_21,2013,RCB,DD,Home,field,M.Chinnaswamy Stadium,0,0,Home
2013_22,2013,SRH,PWI,Away,field,Maharashtra Cricket Association Stadium,0,0,Home
2013_23,2013,RR,MI,Home,bat,Sawai Mansingh Stadium,0,0,Home
2013_24,2013,DD,CSK,Away,bat,Arun Jaitley Stadium,0,0,Away
2013_25,2013,SRH,KXIP,Away,bat,Rajiv Gandhi International Stadium,0,0,Home
2013_26,2013,KKR,CSK,Home,bat,Eden Gardens,0,0,Away
2013_27,2013,RCB,RR,Home,field,M.Chinnaswamy Stadium,0,0,Home
2013_28,2013,DD,MI,Away,bat,Arun Jaitley Stadium,0,0,Home
2013_29,2013,KXIP,PWI,Home,field,Punjab Cricket Association IS Bindra Stadium,0,0,Home
2013_30,2013,CSK,RR,Away,bat,MA Chidambaram Stadium,0,0,Home
2013_31,2013,RCB,PWI,Away,field,M.Chinnaswamy Stadium,0,0,Home
2013_32,2013,DD,KXIP,Away,field,Arun Jaitley Stadium,0,0,Away
2013_33,2013,KKR,MI,Home,bat,Eden Gardens,0,0,Away
2013_34,2013,CSK,SRH,Away,bat,MA Chidambaram Stadium,0,0,Home
2013_35,2013,KKR,KXIP,Away,bat,Eden Gardens,0,0,Home
2013_36,2013,RR,SRH,Away,bat,Sawai Mansingh Stadium,0,0,Home
2013_37,2013,MI,RCB,Home,bat,Wankhede Stadium,0,0,Home
2013_38,2013,CSK,KKR,Away,field,MA Chidambaram Stadium,0,0,Home
2013_39,2013,DD,PWI,Away,field,Shaheed Veer Narayan Singh International Stadium,0,0,Home
2013_40,2013,RR,RCB,Home,field,Sawai Mansingh Stadium,0,0,Home
2013_41,2013,MI,KXIP,Home,bat,Wankhede Stadium,0,0,Home
2013_42,2013,CSK,PWI,Home,bat,Maharashtra Cricket Association Stadium,0,0,Home
2013_43,2013,SRH,MI,Away,bat,Rajiv Gandhi International Stadium,0,0,Home
2013_44,2013,DD,KKR,Away,bat,Shaheed Veer Narayan Singh International Stadium,0,0,Home
2013_45,2013,CSK,KXIP,Home,bat,MA Chidambaram Stadium,0,0,Home
2013_46,2013,RCB,PWI,Home,bat,Maharashtra Cricket Association Stadium,0,0,Home
2013_47,2013,KKR,RR,Away,bat,Eden Gardens,0,0,Home
2013_48,2013,SRH,DD,Away,bat,Rajiv Gandhi International Stadium,0,0,Home
2013_49,2013,MI,CSK,Home,bat,Wankhede Stadium,0,0,Home
2013_50,2013,RR,PWI,Away,bat,Sawai Mansingh Stadium,0,0,Home
2013_51,2013,KXIP,RCB,Home,field,Punjab Cricket Association IS Bindra Stadium,0,0,Home
2013_52,2013,RR,DD,Away,bat,Sawai Mansingh Stadium,0,0,Home
2013_53,2013,MI,KKR,Home,bat,Wankhede Stadium,0,0,Home
2013_54,2013,SRH,CSK,Home,field,Rajiv Gandhi International Stadium,0,0,Away
2013_55,2013,KXIP,RR,Away,field,Punjab Cricket Association IS Bindra Stadium,0,0,Away
2013_56,2013,KKR,PWI,Home,bat,Maharashtra Cricket Association Stadium,0,0,Home
2013_57,2013,DD,RCB,Home,field,Arun Jaitley Stadium,0,0,Away
2013_58,2013,PWI,MI,Home,bat,Maharashtra Cricket Association Stadium,0,0,Away
2013_59,2013,KXIP,SRH,Home,field,Punjab Cricket Association IS Bindra Stadium,0,0,Away
2013_60,2013,KKR,RCB,Home,field,JSCA International Stadium Complex,0,0,Home
2013_61,2013,RR,CSK,Home,field,Sawai Mansingh Stadium,0,0,Home
2013_62,2013,MI,SRH,Away,bat,Wankhede Stadium,0,0,Home
2013_63,2013,RCB,KXIP,Away,field,M.Chinnaswamy Stadium,0,0,Away
2013_64,2013,CSK,DD,Home,bat,MA Chidambaram Stadium,0,0,Home
2013_65,2013,KKR,PWI,Home,field,JSCA International Stadium Complex,0,0,Away
2013_66,2013,MI,RR,Away,field,Wankhede Stadium,0,0,Home
2013_67,2013,KXIP,DD,Away,field,Himachal Pradesh Cricket Association Stadium,0,0,Home
2013_68,2013,SRH,RR,Home,bat,Rajiv Gandhi International Stadium,0,0,Home
2013_69,2013,KXIP,MI,Away,field,Himachal Pradesh Cricket Association Stadium,0,0,Home
2013_70,2013,RCB,CSK,Away,field,M.Chinnaswamy Stadium,0,0,Home
2013_71,2013,PWI,DD,Home,bat,Maharashtra Cricket Association Stadium,0,0,Home
2013_72,2013,SRH,KKR,Away,bat,Rajiv Gandhi International Stadium,0,0,Home
2013_73,2013,CSK,MI,Home,bat,Arun Jaitley Stadium,0,0,Home
2013_74,2013,SRH,RR,Home,bat,Arun Jaitley Stadium,0,0,Away
2013_75,2013,RR,MI,Home,bat,Eden Gardens,0,0,Away
2013_76,2013,MI,CSK,Home,bat,Eden Gardens,0,0,Home
2014_1,2014,KKR,MI,Home,bat,Sheikh Zayed Stadium,0,0,Home
2014_2,2014,DD,RCB,Away,field,Sharjah Cricket Stadium,0,0,Away
2014_3,2014,CSK,KXIP,Home,bat,Sheikh Zayed Stadium,0,0,Away
2014_4,2014,SRH,RR,Away,field,Sheikh Zayed Stadium,0,0,Away
2014_5,2014,MI,RCB,Away,field,Dubai International Cricket Stadium,0,0,Away
2014_6,2014,KKR,DD,Home,bat,Dubai International Cricket Stadium,0,0,Away
2014_7,2014,RR,KXIP,Away,field,Sharjah Cricket Stadium,0,0,Away
2014_8,2014,CSK,DD,Home,bat,Sheikh Zayed Stadium,0,0,Home
2014_9,2014,KXIP,SRH,Away,field,Sharjah Cricket Stadium,0,0,Home
2014_10,2014,CSK,RR,Away,field,Dubai International Cricket Stadium,0,0,Home
2014_11,2014,KKR,RCB,Away,field,Sharjah Cricket Stadium,0,0,Home
2014_12,2014,SRH,DD,Home,bat,Dubai International Cricket Stadium,0,0,Home
2014_13,2014,MI,CSK,Home,bat,Dubai International Cricket Stadium,0,0,Away
2014_14,2014,RCB,RR,Away,field,Sheikh Zayed Stadium,0,0,Away
2014_15,2014,KXIP,KKR,Away,field,Sheikh Zayed Stadium,0,0,Home
2014_16,2014,MI,DD,Home,bat,Sharjah Cricket Stadium,0,0,Away
2014_17,2014,SRH,CSK,Home,bat,Sharjah Cricket Stadium,0,0,Away
2014_18,2014,RCB,KXIP,Away,field,Dubai International Cricket Stadium,0,0,Away
2014_19,2014,RR,KKR,Home,bat,Sheikh Zayed Stadium,0,0,Home
2014_20,2014,SRH,MI,Away,field,Dubai International Cricket Stadium,0,0,Home
2014_21,2014,KKR,CSK,Away,bat,JSCA International Stadium Complex,0,0,Away
2014_22,2014,MI,KXIP,Away,bat,Wankhede Stadium,0,0,Home
2014_23,2014,DD,RR,Away,field,Arun Jaitley Stadium,0,0,Away
2014_24,2014,RCB,SRH,Home,field,M.Chinnaswamy Stadium,0,0,Home
2014_25,2014,RR,KKR,Away,field,Sardar Patel (Gujarat) Stadium,0,0,Home
2014_26,2014,DD,CSK,Away,field,Arun Jaitley Stadium,0,0,Away
2014_27,2014,MI,RCB,Away,field,Wankhede Stadium,0,0,Home
2014_28,2014,DD,KKR,Home,bat,Arun Jaitley Stadium,0,0,Away
2014_29,2014,KXIP,CSK,Away,field,Barabati Stadium,0,0,Home
2014_30,2014,RR,SRH,Home,field,Sardar Patel (Gujarat) Stadium,0,0,Away
2014_31,2014,RCB,KXIP,Home,field,M.Chinnaswamy Stadium,0,0,Away
2014_32,2014,DD,SRH,Away,field,Arun Jaitley Stadium,0,0,Away
2014_33,2014,MI,CSK,Away,field,Wankhede Stadium,0,0,Away
2014_34,2014,KKR,KXIP,Home,field,Barabati Stadium,0,0,Home
2014_35,2014,RCB,RR,Home,bat,M.Chinnaswamy Stadium,0,0,Away
2014_36,2014,SRH,MI,Home,bat,Rajiv Gandhi International Stadium,0,0,Away
2014_37,2014,CSK,RR,Away,bat,JSCA International Stadium Complex,0,0,Home
2014_38,2014,RCB,DD,Away,field,M.Chinnaswamy Stadium,0,0,Home
2014_39,2014,SRH,KXIP,Away,field,Rajiv Gandhi International Stadium,0,0,Away
2014_40,2014,KKR,MI,Home,field,Barabati Stadium,0,0,Home
2014_41,2014,RR,DD,Away,field,Sardar Patel (Gujarat) Stadium,0,0,Home
2014_42,2014,CSK,RCB,Home,bat,JSCA International Stadium Complex,0,0,Away
2014_43,2014,SRH,KKR,Home,bat,Rajiv Gandhi International Stadium,0,0,Away
2014_44,2014,RR,MI,Away,bat,Sardar Patel (Gujarat) Stadium,0,0,Away
2014_45,2014,DD,KXIP,Away,field,Arun Jaitley Stadium,0,0,Away
2014_46,2014,SRH,RCB,Away,bat,Rajiv Gandhi International Stadium,0,0,Home
2014_47,2014,KKR,CSK,Home,field,Eden Gardens,0,0,Home
2014_48,2014,KXIP,MI,Away,field,Punjab Cricket Association IS Bindra Stadium,0,0,Away
2014_49,2014,KKR,RCB,Away,field,Eden Gardens,0,0,Home
2014_50,2014,CSK,SRH,Away,field,JSCA International Stadium Complex,0,0,Away
2014_51,2014,MI,DD,Away,field,Wankhede Stadium,0,0,Home
2014_52,2014,KXIP,RR,Away,field,Punjab Cricket Association IS Bindra Stadium,0,0,Home
2014_53,2014,RCB,CSK,Away,field,M.Chinnaswamy Stadium,0,0,Away
2014_54,2014,KKR,SRH,Home,field,Eden Gardens,0,0,Home
2014_55,2014,KXIP,DD,Home,field,Punjab Cricket Association IS Bindra Stadium,0,0,Home
2014_56,2014,MI,RR,Home,field,Wankhede Stadium,0,0,Home
2014_57,2014,KKR,KXIP,Away,field,Eden Gardens,0,0,Home
2014_58,2014,MI,CSK,Away,field,Brabourne Stadium,0,0,Away
2014_59,2014,KXIP,CSK,Away,field,Wankhede Stadium,0,0,Home
2014_60,2014,KXIP,KKR,Away,field,M.Chinnaswamy Stadium,0,0,Away
2015_1,2015,KKR,MI,Home,field,Eden Gardens,0,0,Home
2015_2,2015,CSK,DD,Away,field,MA Chidambaram Stadium,0,0,Home
2015_3,2015,KXIP,RR,Home,field,Maharashtra Cricket Association Stadium,0,0,Away
2015_4,2015,CSK,SRH,Home,bat,MA Chidambaram Stadium,0,0,Home
2015_5,2015,KKR,RCB,Away,field,Eden Gardens,0,0,Away
2015_6,2015,DD,RR,Away,field,Arun Jaitley Stadium,0,0,Away
2015_7,2015,MI,KXIP,Home,field,Wankhede Stadium,0,0,Away
2015_8,2015,RCB,SRH,Away,field,M.Chinnaswamy Stadium,0,0,Away
2015_9,2015,RR,MI,Away,bat,Sardar Patel (Gujarat) Stadium,0,0,Home
2015_10,2015,KXIP,DD,Home,bat,Maharashtra Cricket Association Stadium,0,0,Away
2015_11,2015,SRH,RR,Away,field,Dr. Y.S. Rajasekhara Reddy ACA-VDCA Cricket Stadium,0,0,Away
2015_12,2015,MI,CSK,Home,bat,Wankhede Stadium,0,0,Away
2015_13,2015,SRH,DD,Away,bat,Dr. Y.S. Rajasekhara Reddy ACA-VDCA Cricket Stadium,0,0,Away
2015_14,2015,KXIP,KKR,Away,field,Maharashtra Cricket Association Stadium,0,0,Away
2015_15,2015,RR,CSK,Away,bat,Sardar Patel (Gujarat) Stadium,0,0,Home
2015_16,2015,RCB,MI,Home,field,M.Chinnaswamy Stadium,0,0,Away
2015_17,2015,DD,KKR,Away,field,Arun Jaitley Stadium,0,0,Away
2015_18,2015,RR,KXIP,Away,field,Sardar Patel (Gujarat) Stadium,0,0,Away
2015_19,2015,SRH,KKR,Away,field,Dr. Y.S. Rajasekhara Reddy ACA-VDCA Cricket Stadium,0,0,Home
2015_20,2015,RCB,CSK,Home,field,M.Chinnaswamy Stadium,0,0,Away
2015_21,2015,DD,MI,Away,field,Arun Jaitley Stadium,0,0,Home
2015_22,2015,RR,RCB,Away,field,Sardar Patel (Gujarat) Stadium,0,0,Away
2015_23,2015,MI,SRH,Home,bat,Wankhede Stadium,0,0,Home
2015_24,2015,CSK,KXIP,Home,bat,MA Chidambaram Stadium,0,0,Home
2015_25,2015,KKR,RR,none,none,Eden Gardens,0,0,Tie
2015_26,2015,DD,RCB,Away,field,Arun Jaitley Stadium,0,0,Away
2015_27,2015,KXIP,SRH,Home,field,Punjab Cricket Association IS Bindra Stadium,0,0,Away
2015_28,2015,CSK,KKR,Away,field,MA Chidambaram Stadium,0,0,Home
2015_29,2015,RCB,RR,Away,field,M.Chinnaswamy Stadium,0,0,Tie
2015_30,2015,KKR,CSK,Home,field,Eden Gardens,0,0,Home
2015_31,2015,DD,KXIP,Home,field,Arun Jaitley Stadium,0,0,Home
2015_32,2015,MI,RR,Away,field,Wankhede Stadium,0,0,Home
2015_33,2015,RCB,KKR,Home,field,M.Chinnaswamy Stadium,0,0,Home
2015_34,2015,SRH,CSK,Away,field,Rajiv Gandhi International Stadium,0,0,Home
2015_35,2015,KXIP,MI,Away,bat,Punjab Cricket Association IS Bindra Stadium,0,0,Away
2015_36,2015,RR,DD,Away,field,Brabourne Stadium,0,0,Home
2015_37,2015,CSK,RCB,Home,bat,MA Chidambaram Stadium,0,0,Home
2015_38,2015,KKR,SRH,Away,field,Eden Gardens,0,0,Home
2015_39,2015,MI,DD,Away,bat,Wankhede Stadium,0,0,Home
2015_40,2015,RCB,KXIP,Away,field,M.Chinnaswamy Stadium,0,0,Home
2015_41,2015,RR,SRH,Home,field,Brabourne Stadium,0,0,Away
2015_42,2015,KKR,DD,Home,bat,Eden Gardens,0,0,Home
2015_43,2015,CSK,MI,Home,bat,MA Chidambaram Stadium,0,0,Away
2015_44,2015,KKR,KXIP,Away,bat,Eden Gardens,0,0,Home
2015_45,2015,DD,SRH,Away,bat,Shaheed Veer Narayan Singh International Stadium,0,0,Away
2015_46,2015,MI,RCB,Away,bat,Wankhede Stadium,0,0,Away
2015_47,2015,CSK,RR,Home,bat,MA Chidambaram Stadium,0,0,Home
2015_48,2015,SRH,KXIP,Home,bat,Rajiv Gandhi International Stadium,0,0,Home
2015_49,2015,DD,CSK,Away,bat,Shaheed Veer Narayan Singh International Stadium,0,0,Home
2015_50,2015,KXIP,RCB,Away,field,Punjab Cricket Association IS Bindra Stadium,0,0,Home
2015_51,2015,MI,KKR,Away,field,Wankhede Stadium,0,0,Home
2015_52,2015,SRH,RCB,Home,bat,Rajiv Gandhi International Stadium,0,0,Away
2015_53,2015,KXIP,CSK,Home,bat,Punjab Cricket Association IS Bindra Stadium,0,0,Away
2015_54,2015,RR,KKR,Home,bat,Brabourne Stadium,0,0,Home
2015_55,2015,RCB,DD,Home,field,M.Chinnaswamy Stadium,0,0,Tie
2015_56,2015,SRH,MI,Home,bat,Rajiv Gandhi International Stadium,0,0,Away
2015_57,2015,MI,CSK,Home,bat,Wankhede Stadium,0,0,Home
2015_58,2015,RCB,RR,Home,bat,Maharashtra Cricket Association Stadium,0,0,Home
2015_59,2015,CSK,RCB,Home,field,JSCA International Stadium Complex,0,0,Home
2015_60,2015,MI,CSK,Away,field,Eden Gardens,0,0,Home
2016_1,2016,MI,RPS,Home,bat,Wankhede Stadium,0,0,Away
2016_2,2016,KKR,DD,Home,field,Eden Gardens,0,0,Home
2016_3,2016,KXIP,GL,Away,field,Punjab Cricket Association IS Bindra Stadium,0,0,Away
2016_4,2016,RCB,SRH,Away,field,M.Chinnaswamy Stadium,0,0,Home
2016_5,2016,KKR,MI,Away,field,Eden Gardens,0,0,Away
2016_6,2016,GL,RPS,Away,bat,Saurashtra Cricket Association Stadium,0,0,Home
2016_7,2016,DD,KXIP,Home,field,Arun Jaitley Stadium,0,0,Home
2016_8,2016,SRH,KKR,Home,bat,Rajiv Gandhi International Stadium,0,0,Away
2016_9,2016,MI,GL,Away,field,Wankhede Stadium,0,0,Away
2016_10,2016,KXIP,RPS,Away,bat,Punjab Cricket Association IS Bindra Stadium,0,0,Home
2016_11,2016,RCB,DD,Away,field,M.Chinnaswamy Stadium,0,0,Away
2016_12,2016,SRH,MI,Home,field,Rajiv Gandhi International Stadium,0,0,Home
2016_13,2016,KXIP,KKR,Away,field,Punjab Cricket Association IS Bindra Stadium,0,0,Away
2016_14,2016,MI,RCB,Home,field,Wankhede Stadium,0,0,Home
2016_15,2016,GL,SRH,Away,field,Saurashtra Cricket Association Stadium,0,0,Away
2016_16,2016,RPS,RCB,Home,field,Maharashtra Cricket Association Stadium,0,0,Away
2016_17,2016,DD,MI,Away,field,Arun Jaitley Stadium,0,0,Home
2016_18,2016,SRH,KXIP,Home,field,Rajiv Gandhi International Stadium,0,0,Home
2016_19,2016,GL,RCB,Away,bat,Saurashtra Cricket Association Stadium,0,0,Home
2016_20,2016,RPS,KKR,Away,field,Maharashtra Cricket Association Stadium,0,0,Away
2016_21,2016,KXIP,MI,Home,field,Punjab Cricket Association IS Bindra Stadium,0,0,Away
2016_22,2016,SRH,RPS,Away,field,Rajiv Gandhi International Stadium,0,0,Away
2016_23,2016,DD,GL,Home,field,Arun Jaitley Stadium,0,0,Away
2016_24,2016,MI,KKR,Home,field,Wankhede Stadium,0,0,Home
2016_25,2016,RPS,GL,Away,field,Maharashtra Cricket Association Stadium,0,0,Away
2016_26,2016,DD,KKR,Away,field,Arun Jaitley Stadium,0,0,Home
2016_27,2016,SRH,RCB,Away,field,Rajiv Gandhi International Stadium,0,0,Home
2016_28,2016,GL,KXIP,Home,field,Saurashtra Cricket Association Stadium,0,0,Away
2016_29,2016,RPS,MI,Away,field,Maharashtra Cricket Association Stadium,0,0,Away
2016_30,2016,RCB,KKR,Away,field,M.Chinnaswamy Stadium,0,0,Away
2016_31,2016,GL,DD,Away,field,Saurashtra Cricket Association Stadium,0,0,Away
2016_32,2016,KKR,KXIP,Away,field,Eden Gardens,0,0,Home
2016_33,2016,DD,RPS,Away,field,Arun Jaitley Stadium,0,0,Away
2016_34,2016,SRH,GL,Home,field,Rajiv Gandhi International Stadium,0,0,Home
2016_35,2016,RCB,RPS,Home,field,M.Chinnaswamy Stadium,0,0,Home
2016_36,2016,KXIP,DD,Away,field,Punjab Cricket Association IS Bindra Stadium,0,0,Home
2016_37,2016,MI,SRH,Home,field,Dr. Y.S. Rajasekhara Reddy ACA-VDCA Cricket Stadium,0,0,Away
2016_38,2016,KKR,GL,Away,field,Eden Gardens,0,0,Away
2016_39,2016,KXIP,RCB,Home,field,Punjab Cricket Association IS Bindra Stadium,0,0,Away
2016_40,2016,RPS,SRH,Away,bat,Dr. Y.S. Rajasekhara Reddy ACA-VDCA Cricket Stadium,0,0,Away
2016_41,2016,RCB,MI,Away,field,M.Chinnaswamy Stadium,0,0,Away
2016_42,2016,SRH,DD,Away,field,Rajiv Gandhi International Stadium,0,0,Away
2016_43,2016,MI,KXIP,Home,bat,Dr. Y.S. Rajasekhara Reddy ACA-VDCA Cricket Stadium,0,0,Away
2016_44,2016,RCB,GL,Away,field,M.Chinnaswamy Stadium,0,0,Home
2016_45,2016,KKR,RPS,Away,bat,Eden Gardens,0,0,Home
2016_46,2016,KXIP,SRH,Home,bat,Punjab Cricket Association IS Bindra Stadium,0,0,Away
2016_47,2016,MI,DD,Away,field,Dr. Y.S. Rajasekhara Reddy ACA-VDCA Cricket Stadium,0,0,Home
2016_48,2016,KKR,RCB,Away,field,Eden Gardens,0,0,Away
2016_49,2016,RPS,DD,Home,field,Dr. Y.S. Rajasekhara Reddy ACA-VDCA Cricket Stadium,0,0,Home
2016_50,2016,RCB,KXIP,Away,field,M.Chinnaswamy Stadium,0,0,Home
2016_51,2016,GL,KKR,Home,field,Green Park,0,0,Home
2016_52,2016,DD,SRH,Home,field,Shaheed Veer Narayan Singh International Stadium,0,0,Home
2016_53,2016,RPS,KXIP,Away,bat,Dr. Y.S. Rajasekhara Reddy ACA-VDCA Cricket Stadium,0,0,Home
2016_54,2016,GL,MI,Home,field,Green Park,0,0,Home
2016_55,2016,KKR,SRH,Away,field,Eden Gardens,0,0,Home
2016_56,2016,DD,RCB,Away,field,Shaheed Veer Narayan Singh International Stadium,0,0,Away
2016_57,2016,RCB,GL,Home,field,M.Chinnaswamy Stadium,0,0,Home
2016_58,2016,SRH,KKR,Away,field,Arun Jaitley Stadium,0,0,Home
2016_59,2016,GL,SRH,Away,field,Arun Jaitley Stadium,0,0,Away
2016_60,2016,RCB,SRH,Away,bat,M.Chinnaswamy Stadium,0,0,Away
2017_1,2017,SRH,RCB,Away,field,Rajiv Gandhi International Stadium,0,0,Home
2017_2,2017,RPS,MI,Home,field,Maharashtra Cricket Association Stadium,0,0,Home
2017_3,2017,GL,KKR,Away,field,Saurashtra Cricket Association Stadium,0,0,Away
2017_4,2017,KXIP,RPS,Home,field,Holkar Cricket Stadium,0,0,Home
2017_5,2017,RCB,DD,Home,bat,M.Chinnaswamy Stadium,0,0,Home
2017_6,2017,SRH,GL,Home,field,Rajiv Gandhi International Stadium,0,0,Home
2017_7,2017,MI,KKR,Home,field,Wankhede Stadium,0,0,Home
2017_8,2017,KXIP,RCB,Away,bat,Holkar Cricket Stadium,0,0,Home
2017_9,2017,RPS,DD,Home,field,Maharashtra Cricket Association Stadium,0,0,Away
2017_10,2017,MI,SRH,Home,field,Wankhede Stadium,0,0,Home
2017_11,2017,KKR,KXIP,Home,field,Eden Gardens,0,0,Home
2017_12,2017,RCB,MI,Away,field,M.Chinnaswamy Stadium,0,0,Away
2017_13,2017,GL,RPS,Home,field,Saurashtra Cricket Association Stadium,0,0,Home
2017_14,2017,KKR,SRH,Away,field,Eden Gardens,0,0,Home
2017_15,2017,DD,KXIP,Home,bat,Arun Jaitley Stadium,0,0,Home
2017_16,2017,MI,GL,Home,field,Wankhede Stadium,0,0,Home
2017_17,2017,RCB,RPS,Home,field,M.Chinnaswamy Stadium,0,0,Away
2017_18,2017,DD,KKR,Home,bat,Arun Jaitley Stadium,0,0,Away
2017_19,2017,SRH,KXIP,Away,field,Rajiv Gandhi International Stadium,0,0,Home
2017_20,2017,GL,RCB,Home,field,Saurashtra Cricket Association Stadium,0,0,Away
2017_21,2017,SRH,DD,Home,bat,Rajiv Gandhi International Stadium,0,0,Home
2017_22,2017,KXIP,MI,Away,field,Holkar Cricket Stadium,0,0,Away
2017_23,2017,KKR,GL,Away,field,Eden Gardens,0,0,Away
2017_24,2017,RPS,SRH,Home,field,Maharashtra Cricket Association Stadium,0,0,Home
2017_25,2017,MI,DD,Away,field,Wankhede Stadium,0,0,Home
2017_26,2017,GL,KXIP,Home,field,Saurashtra Cricket Association Stadium,0,0,Away
2017_27,2017,KKR,RCB,Away,field,Eden Gardens,0,0,Home
2017_28,2017,MI,RPS,Home,field,Wankhede Stadium,0,0,Away
2017_29,2017,RCB,SRH,none,none,M.Chinnaswamy Stadium,0,0,Tie
2017_30,2017,RPS,KKR,Away,field,Maharashtra Cricket Association Stadium,0,0,Away
2017_31,2017,RCB,GL,Away,field,M.Chinnaswamy Stadium,0,0,Away
2017_32,2017,KKR,DD,Home,field,Eden Gardens,0,0,Home
2017_33,2017,KXIP,SRH,Home,field,Punjab Cricket Association IS Bindra Stadium,0,0,Away
2017_34,2017,RPS,RCB,Away,field,Maharashtra Cricket Association Stadium,0,0,Home
2017_35,2017,GL,MI,Home,bat,Saurashtra Cricket Association Stadium,0,0,Away
2017_36,2017,KXIP,DD,Home,field,Punjab Cricket Association IS Bindra Stadium,0,0,Home
2017_37,2017,SRH,KKR,Away,field,Rajiv Gandhi International Stadium,0,0,Home
2017_38,2017,MI,RCB,Away,bat,Wankhede Stadium,0,0,Home
2017_39,2017,RPS,GL,Home,field,Maharashtra Cricket Association Stadium,0,0,Home
2017_40,2017,DD,SRH,Home,field,Arun Jaitley Stadium,0,0,Home
2017_41,2017,KKR,RPS,Away,field,Eden Gardens,0,0,Away
2017_42,2017,DD,GL,Home,field,Arun Jaitley Stadium,0,0,Home
2017_43,2017,RCB,KXIP,Home,field,M.Chinnaswamy Stadium,0,0,Away
2017_44,2017,SRH,RPS,Home,field,Rajiv Gandhi International Stadium,0,0,Away
2017_45,2017,DD,MI,Home,field,Arun Jaitley Stadium,0,0,Away
2017_46,2017,RCB,KKR,Away,field,M.Chinnaswamy Stadium,0,0,Away
2017_47,2017,KXIP,GL,Away,field,Punjab Cricket Association IS Bindra Stadium,0,0,Away
2017_48,2017,SRH,MI,Away,bat,Rajiv Gandhi International Stadium,0,0,Home
2017_49,2017,KXIP,KKR,Away,field,Punjab Cricket Association IS Bindra Stadium,0,0,Home
2017_50,2017,GL,DD,Away,field,Green Park,0,0,Away
2017_51,2017,MI,KXIP,Home,field,Wankhede Stadium,0,0,Away
2017_52,2017,DD,RPS,Home,bat,Arun Jaitley Stadium,0,0,Home
2017_53,2017,GL,SRH,Away,field,Green Park,0,0,Away
2017_54,2017,KKR,MI,Home,field,Eden Gardens,0,0,Away
2017_55,2017,RPS,KXIP,Home,field,Maharashtra Cricket Association Stadium,0,0,Home
2017_56,2017,DD,RCB,Away,bat,Arun Jaitley Stadium,0,0,Away
2017_57,2017,MI,RPS,Home,field,Wankhede Stadium,0,0,Away
2017_58,2017,SRH,KKR,Away,field,M.Chinnaswamy Stadium,0,0,Away
2017_59,2017,KKR,MI,Away,field,M.Chinnaswamy Stadium,0,0,Away
2017_60,2017,MI,RPS,Home,bat,Rajiv Gandhi International Stadium,0,0,Home
2018_1,2018,MI,CSK,Away,field,Wankhede Stadium,0,0,Away
2018_2,2018,KXIP,DD,Home,field,Punjab Cricket Association IS Bindra Stadium,0,0,Home
2018_3,2018,KKR,RCB,Home,field,Eden Gardens,0,0,Home
2018_4,2018,SRH,RR,Home,field,Rajiv Gandhi International Stadium,0,0,Home
2018_5,2018,CSK,KKR,Home,field,MA Chidambaram Stadium,0,0,Home
2018_6,2018,RR,DD,Away,field,Sawai Mansingh Stadium,0,0,Home
2018_7,2018,SRH,MI,Home,field,Rajiv Gandhi International Stadium,0,0,Home
2018_8,2018,RCB,KXIP,Home,field,M.Chinnaswamy Stadium,0,0,Home
2018_9,2018,MI,DD,Away,field,Wankhede Stadium,0,0,Away
2018_10,2018,KKR,SRH,Away,field,Eden Gardens,0,0,Away
2018_11,2018,RCB,RR,Home,field,M.Chinnaswamy Stadium,0,0,Away
2018_12,2018,KXIP,CSK,Away,field,Punjab Cricket Association IS Bindra Stadium,0,0,Home
2018_13,2018,KKR,DD,Away,field,Eden Gardens,0,0,Home
2018_14,2018,MI,RCB,Away,field,Wankhede Stadium,0,0,Home
2018_15,2018,RR,KKR,Away,field,Sawai Mansingh Stadium,0,0,Away
2018_16,2018,KXIP,SRH,Home,bat,Punjab Cricket Association IS Bindra Stadium,0,0,Home
2018_17,2018,CSK,RR,Away,field,Maharashtra Cricket Association Stadium,0,0,Home
2018_18,2018,KKR,KXIP,Away,field,Eden Gardens,0,0,Away
2018_19,2018,RCB,DD,Home,field,M.Chinnaswamy Stadium,0,0,Home
2018_20,2018,SRH,CSK,Home,field,Rajiv Gandhi International Stadium,0,0,Away
2018_21,2018,RR,MI,Away,bat,Sawai Mansingh Stadium,0,0,Home
2018_22,2018,DD,KXIP,Home,field,Arun Jaitley Stadium,0,0,Away
2018_23,2018,MI,SRH,Home,field,Wankhede Stadium,0,0,Away
2018_24,2018,RCB,CSK,Away,field,M.Chinnaswamy Stadium,0,0,Away
2018_25,2018,SRH,KXIP,Away,field,Rajiv Gandhi International Stadium,0,0,Home
2018_26,2018,DD,KKR,Away,field,Arun Jaitley Stadium,0,0,Home
2018_27,2018,CSK,MI,Away,field,Maharashtra Cricket Association Stadium,0,0,Away
2018_28,2018,RR,SRH,Away,bat,Sawai Mansingh Stadium,0,0,Away
2018_29,2018,RCB,KKR,Away,field,M.Chinnaswamy Stadium,0,0,Away
2018_30,2018,CSK,DD,Away,field,Maharashtra Cricket Association Stadium,0,0,Home
2018_31,2018,RCB,MI,Away,field,M.Chinnaswamy Stadium,0,0,Home
2018_32,2018,DD,RR,Away,field,Arun Jaitley Stadium,0,0,Home
2018_33,2018,KKR,CSK,Home,field,Eden Gardens,0,0,Home
2018_34,2018,KXIP,MI,Away,field,Holkar Cricket Stadium,0,0,Away
2018_35,2018,CSK,RCB,Home,field,Maharashtra Cricket Association Stadium,0,0,Home
2018_36,2018,SRH,DD,Away,bat,Rajiv Gandhi International Stadium,0,0,Home
2018_37,2018,MI,KKR,Away,field,Wankhede Stadium,0,0,Home
2018_38,2018,KXIP,RR,Home,field,Holkar Cricket Stadium,0,0,Home
2018_39,2018,SRH,RCB,Away,field,Rajiv Gandhi International Stadium,0,0,Home
2018_40,2018,RR,KXIP,Home,bat,Sawai Mansingh Stadium,0,0,Home
2018_41,2018,KKR,MI,Home,field,Eden Gardens,0,0,Away
2018_42,2018,DD,SRH,Home,bat,Arun Jaitley Stadium,0,0,Away
2018_43,2018,RR,CSK,Away,bat,Sawai Mansingh Stadium,0,0,Home
2018_44,2018,KXIP,KKR,Home,field,Holkar Cricket Stadium,0,0,Away
2018_45,2018,DD,RCB,Away,field,Arun Jaitley Stadium,0,0,Away
2018_46,2018,CSK,SRH,Home,field,Maharashtra Cricket Association Stadium,0,0,Home
2018_47,2018,MI,RR,Away,field,Wankhede Stadium,0,0,Away
2018_48,2018,KXIP,RCB,Away,field,Holkar Cricket Stadium,0,0,Away
2018_49,2018,KKR,RR,Home,field,Eden Gardens,0,0,Home
2018_50,2018,MI,KXIP,Away,field,Wankhede Stadium,0,0,Home
2018_51,2018,RCB,SRH,Away,field,M.Chinnaswamy Stadium,0,0,Home
2018_52,2018,DD,CSK,Away,field,Arun Jaitley Stadium,0,0,Home
2018_53,2018,RR,RCB,Home,bat,Sawai Mansingh Stadium,0,0,Home
2018_54,2018,SRH,KKR,Home,bat,Rajiv Gandhi International Stadium,0,0,Away
2018_55,2018,DD,MI,Home,bat,Arun Jaitley Stadium,0,0,Home
2018_56,2018,CSK,KXIP,Home,field,Maharashtra Cricket Association Stadium,0,0,Home
2018_57,2018,SRH,CSK,Away,field,Wankhede Stadium,0,0,Away
2018_58,2018,KKR,RR,Away,field,Eden Gardens,0,0,Home
2018_59,2018,KKR,SRH,Home,field,Eden Gardens,0,0,Away
2018_60,2018,SRH,CSK,Away,field,Wankhede Stadium,0,0,Away
2019_1,2019,CSK,RCB,Home,field,MA Chidambaram Stadium,0,0,Home
2019_2,2019,KKR,SRH,Home,field,Eden Gardens,0,0,Home
2019_3,2019,MI,DD,Home,field,Wankhede Stadium,0,0,Away
2019_4,2019,RR,KXIP,Home,field,Sawai Mansingh Stadium,0,0,Away
2019_5,2019,DD,CSK,Home,bat,Arun Jaitley Stadium,0,0,Away
2019_6,2019,KKR,KXIP,Away,field,Eden Gardens,0,0,Home
2019_7,2019,RCB,MI,Home,field,M.Chinnaswamy Stadium,0,0,Away
2019_8,2019,SRH,RR,Away,bat,Rajiv Gandhi International Stadium,0,0,Home
2019_9,2019,KXIP,MI,Home,field,Punjab Cricket Association IS Bindra Stadium,0,0,Home
2019_10,2019,DD,KKR,Home,field,Arun Jaitley Stadium,0,0,Home
2019_11,2019,SRH,RCB,Away,field,Rajiv Gandhi International Stadium,0,0,Home
2019_12,2019,CSK,RR,Away,field,MA Chidambaram Stadium,0,0,Home
2019_13,2019,KXIP,DD,Away,field,Punjab Cricket Association IS Bindra Stadium,0,0,Home
2019_14,2019,RR,RCB,Home,field,Sawai Mansingh Stadium,0,0,Home
2019_15,2019,MI,CSK,Away,field,Wankhede Stadium,0,0,Home
2019_16,2019,DD,SRH,Away,field,Arun Jaitley Stadium,0,0,Away
2019_17,2019,RCB,KKR,Away,field,M.Chinnaswamy Stadium,0,0,Away
2019_18,2019,CSK,KXIP,Home,bat,MA Chidambaram Stadium,0,0,Home
2019_19,2019,SRH,MI,Home,field,Rajiv Gandhi International Stadium,0,0,Away
2019_20,2019,RCB,DD,Away,field,M.Chinnaswamy Stadium,0,0,Away
2019_21,2019,RR,KKR,Away,field,Sawai Mansingh Stadium,0,0,Away
2019_22,2019,KXIP,SRH,Home,field,Punjab Cricket Association IS Bindra Stadium,0,0,Home
2019_23,2019,CSK,KKR,Home,field,MA Chidambaram Stadium,0,0,Home
2019_24,2019,MI,KXIP,Home,field,Wankhede Stadium,0,0,Home
2019_25,2019,RR,CSK,Away,field,Sawai Mansingh Stadium,0,0,Away
2019_26,2019,KKR,DD,Away,field,Eden Gardens,0,0,Away
2019_27,2019,MI,RR,Away,field,Wankhede Stadium,0,0,Away
2019_28,2019,KXIP,RCB,Away,field,Punjab Cricket Association IS Bindra Stadium,0,0,Away
2019_29,2019,KKR,CSK,Away,field,Eden Gardens,0,0,Away
2019_30,2019,SRH,DD,Home,field,Rajiv Gandhi International Stadium,0,0,Away
2019_31,2019,MI,RCB,Home,field,Wankhede Stadium,0,0,Home
2019_32,2019,KXIP,RR,Away,field,Punjab Cricket Association IS Bindra Stadium,0,0,Home
2019_33,2019,SRH,CSK,Away,bat,Rajiv Gandhi International Stadium,0,0,Home
2019_34,2019,DD,MI,Away,bat,Arun Jaitley Stadium,0,0,Away
2019_35,2019,KKR,RCB,Home,field,Eden Gardens,0,0,Away
2019_36,2019,RR,MI,Home,field,Sawai Mansingh Stadium,0,0,Home
2019_37,2019,DD,KXIP,Home,field,Arun Jaitley Stadium,0,0,Home
2019_38,2019,SRH,KKR,Home,field,Rajiv Gandhi International Stadium,0,0,Home
2019_39,2019,RCB,CSK,Away,field,M.Chinnaswamy Stadium,0,0,Home
2019_40,2019,RR,DD,Away,field,Sawai Mansingh Stadium,0,0,Away
2019_41,2019,CSK,SRH,Home,field,MA Chidambaram Stadium,0,0,Home
2019_42,2019,RCB,KXIP,Away,field,M.Chinnaswamy Stadium,0,0,Home
2019_43,2019,KKR,RR,Away,field,Eden Gardens,0,0,Away
2019_44,2019,CSK,MI,Home,field,MA Chidambaram Stadium,0,0,Away
2019_45,2019,RR,SRH,Home,field,Sawai Mansingh Stadium,0,0,Home
2019_46,2019,DD,RCB,Home,bat,Arun Jaitley Stadium,0,0,Home
2019_47,2019,KKR,MI,Away,field,Eden Gardens,0,0,Home
2019_48,2019,SRH,KXIP,Away,field,Rajiv Gandhi International Stadium,0,0,Home
2019_49,2019,RCB,RR,Away,field,M.Chinnaswamy Stadium,0,0,Tie
2019_50,2019,CSK,DD,Away,field,MA Chidambaram Stadium,0,0,Home
2019_51,2019,MI,SRH,Home,bat,Wankhede Stadium,0,0,Home
2019_52,2019,KXIP,KKR,Away,field,Punjab Cricket Association IS Bindra Stadium,0,0,Away
2019_53,2019,DD,RR,Away,bat,Arun Jaitley Stadium,0,0,Home
2019_54,2019,RCB,SRH,Home,field,M.Chinnaswamy Stadium,0,0,Home
2019_55,2019,KXIP,CSK,Home,field,Punjab Cricket Association IS Bindra Stadium,0,0,Home
2019_56,2019,MI,KKR,Home,field,Wankhede Stadium,0,0,Home
2019_57,2019,CSK,MI,Home,bat,MA Chidambaram Stadium,0,0,Away
2019_58,2019,SRH,DD,Away,field,Dr. Y.S. Rajasekhara Reddy ACA-VDCA Cricket Stadium,0,0,Away
2019_59,2019,DD,CSK,Away,field,Dr. Y.S. Rajasekhara Reddy ACA-VDCA Cricket Stadium,0,0,Away
2019_60,2019,MI,CSK,Home,bat,Rajiv Gandhi International Stadium,0,0,Home
