,ID,Season,Home,Away,TossWin,TossDec,Venue,Away_points,Home_points,Winner
0,2008_1,2008,RCB,KKR,Home,field,M.Chinnaswamy Stadium,1142,997,Away
1,2008_2,2008,KXIP,CSK,Away,bat,Punjab Cricket Association IS Bindra Stadium,1334,1338,Away
2,2008_3,2008,DD,RR,Away,bat,Arun Jaitley Stadium,1497,1205,Home
3,2008_4,2008,KKR,DC,Away,bat,Eden Gardens,1267,1142,Home
4,2008_5,2008,MI,RCB,Home,bat,Wankhede Stadium,1068,1247,Away
5,2008_6,2008,RR,KXIP,Away,bat,Sawai Mansingh Stadium,1373,1561,Home
6,2008_7,2008,DC,DD,Home,bat,Rajiv Gandhi International Stadium,1301,1457,Away
7,2008_8,2008,CSK,MI,Away,field,MA Chidambaram Stadium,1365,1334,Home
8,2008_9,2008,DC,RR,Away,field,Rajiv Gandhi International Stadium,1722,1184,Away
9,2008_10,2008,KXIP,MI,Away,field,Punjab Cricket Association IS Bindra Stadium,1370,1334,Home
10,2008_11,2008,CSK,KKR,Away,bat,MA Chidambaram Stadium,1142,1334,Home
11,2008_12,2008,RCB,RR,Away,field,M.Chinnaswamy Stadium,1872,1119,Away
12,2008_13,2008,KXIP,DD,Away,bat,Punjab Cricket Association IS Bindra Stadium,1457,1352,Home
13,2008_14,2008,DC,MI,Home,field,Dr DY Patil Sports Academy,1333,1158,Home
14,2008_15,2008,RCB,CSK,Away,bat,M.Chinnaswamy Stadium,1420,1161,Away
15,2008_16,2008,KKR,MI,Home,bat,Eden Gardens,1373,1103,Away
16,2008_17,2008,DD,RCB,Away,field,Arun Jaitley Stadium,1196,1287,Home
17,2008_18,2008,RR,KKR,Home,bat,Sawai Mansingh Stadium,1201,1981,Home
18,2008_19,2008,DC,KXIP,Away,field,Rajiv Gandhi International Stadium,1506,1273,Away
19,2008_20,2008,CSK,DD,Home,bat,MA Chidambaram Stadium,1615,1307,Away
20,2008_21,2008,RCB,DC,Away,field,M.Chinnaswamy Stadium,1204,1193,Home
21,2008_22,2008,KXIP,KKR,Home,bat,Punjab Cricket Association IS Bindra Stadium,1143,1665,Home
22,2008_23,2008,MI,DD,Away,field,Dr DY Patil Sports Academy,1307,1426,Home
23,2008_24,2008,RR,CSK,Away,bat,Sawai Mansingh Stadium,1615,1981,Home
24,2008_25,2008,RCB,KXIP,Away,field,M.Chinnaswamy Stadium,1513,1140,Away
25,2008_26,2008,CSK,DC,Away,field,MA Chidambaram Stadium,1279,1541,Away
26,2008_27,2008,MI,RR,Home,field,Dr DY Patil Sports Academy,1981,1426,Home
27,2008_28,2008,DD,CSK,Away,field,Arun Jaitley Stadium,1436,1271,Away
28,2008_29,2008,KKR,RCB,Home,bat,Eden Gardens,1097,1044,Home
29,2008_30,2008,RR,DC,Home,field,Sawai Mansingh Stadium,1314,1879,Home
30,2008_31,2008,CSK,KXIP,Away,field,MA Chidambaram Stadium,1551,1436,Home
31,2008_32,2008,DC,KKR,Away,bat,Rajiv Gandhi International Stadium,1124,1239,Away
32,2008_33,2008,RR,DD,Home,field,Sawai Mansingh Stadium,1437,1677,Home
33,2008_34,2008,KXIP,RCB,Away,bat,Punjab Cricket Association IS Bindra Stadium,1135,1563,Home
34,2008_35,2008,KKR,DD,Home,bat,Eden Gardens,1418,998,Home
35,2008_36,2008,MI,CSK,Home,field,Wankhede Stadium,1465,1500,Home
36,2008_37,2008,DD,DC,Away,field,Arun Jaitley Stadium,1409,1241,Home
37,2008_38,2008,MI,KKR,Home,field,Wankhede Stadium,1127,1380,Home
38,2008_39,2008,RR,RCB,Away,field,Sawai Mansingh Stadium,948,1981,Home
39,2008_40,2008,DD,KXIP,Home,bat,Arun Jaitley Stadium,1617,1382,Away
40,2008_41,2008,KKR,CSK,Home,bat,Eden Gardens,1629,1150,Away
41,2008_42,2008,DC,MI,Home,field,Rajiv Gandhi International Stadium,1259,1100,Away
42,2008_43,2008,RCB,DD,Away,field,M.Chinnaswamy Stadium,1428,1124,Away
43,2008_44,2008,KKR,RR,Away,field,Eden Gardens,1981,1223,Away
44,2008_45,2008,MI,KXIP,Home,field,Wankhede Stadium,1563,1250,Away
45,2008_46,2008,CSK,RCB,Away,bat,MA Chidambaram Stadium,1179,1629,Away
46,2008_47,2008,DD,KKR,none,none,Arun Jaitley Stadium,0,0,Tie
47,2008_48,2008,KXIP,DC,Home,field,Punjab Cricket Association IS Bindra Stadium,1200,1318,Home
48,2008_49,2008,CSK,RR,Away,bat,MA Chidambaram Stadium,1449,1562,Away
49,2008_50,2008,DD,MI,Home,field,Arun Jaitley Stadium,1281,1420,Home
50,2008_51,2008,DC,RCB,Home,bat,Rajiv Gandhi International Stadium,979,1061,Away
51,2008_52,2008,KKR,KXIP,Away,bat,Eden Gardens,1691,1107,Home
52,2008_53,2008,RR,MI,Home,field,Sawai Mansingh Stadium,1301,1729,Home
53,2008_54,2008,DC,CSK,Home,bat,Rajiv Gandhi International Stadium,1562,1069,Away
54,2008_55,2008,RCB,MI,Away,field,M.Chinnaswamy Stadium,1370,1072,Away
55,2008_56,2008,KXIP,RR,Away,field,Punjab Cricket Association IS Bindra Stadium,1344,1699,Home
56,2008_57,2008,RR,DD,Away,field,Wankhede Stadium,1488,1981,Home
57,2008_58,2008,KXIP,CSK,Home,bat,Wankhede Stadium,1556,1702,Away
58,2008_59,2008,CSK,RR,Away,field,Dr DY Patil Sports Academy,1904,1556,Away
59,2009_1,2009,MI,CSK,Away,field,Newlands,566,303,Home
60,2009_2,2009,RCB,RR,Home,bat,Newlands,134,78,Home
61,2009_3,2009,KXIP,DD,Away,field,Newlands,894,50,Away
62,2009_4,2009,KKR,DC,Home,bat,Newlands,773,124,Away
63,2009_5,2009,CSK,RCB,Home,bat,St George's Park,642,672,Home
64,2009_6,2009,KXIP,KKR,Away,field,Kingsmead,124,50,Away
65,2009_7,2009,MI,RR,none,none,Kingsmead,0,0,Tie
66,2009_8,2009,DC,RCB,Home,bat,Newlands,78,800,Home
67,2009_9,2009,DD,CSK,Home,bat,Kingsmead,672,969,Home
68,2009_10,2009,RR,KKR,Away,field,Newlands,120,78,Home
69,2009_11,2009,RCB,KXIP,Home,bat,Kingsmead,50,78,Away
70,2009_12,2009,DC,MI,Home,bat,Kingsmead,291,1311,Home
71,2009_13,2009,CSK,KKR,none,none,Newlands,0,0,Tie
72,2009_14,2009,RCB,DD,Home,bat,St George's Park,1061,340,Away
73,2009_15,2009,KXIP,RR,Home,bat,Newlands,122,50,Home
74,2009_16,2009,CSK,DC,Away,field,Kingsmead,762,1430,Away
75,2009_17,2009,MI,KKR,Home,bat,St George's Park,124,478,Home
76,2009_18,2009,DD,RR,Home,bat,SuperSport Park,43,1061,Away
77,2009_19,2009,KKR,RCB,Home,bat,Kingsmead,282,124,Away
78,2009_20,2009,KXIP,MI,Home,bat,Kingsmead,303,50,Home
79,2009_21,2009,DC,DD,Away,field,SuperSport Park,1061,430,Away
80,2009_22,2009,CSK,RR,Away,field,SuperSport Park,43,1016,Home
81,2009_23,2009,MI,KKR,Home,bat,Buffalo Park,120,588,Home
82,2009_24,2009,RCB,KXIP,Home,bat,Kingsmead,1038,78,Home
83,2009_25,2009,DC,RR,Home,bat,St George's Park,122,430,Away
84,2009_26,2009,CSK,DD,Away,field,The Wanderers Stadium,1067,22,Home
85,2009_27,2009,KKR,KXIP,Home,bat,St George's Park,853,124,Away
86,2009_28,2009,MI,RCB,Home,bat,The Wanderers Stadium,605,339,Away
87,2009_29,2009,CSK,DC,Home,bat,Buffalo Park,762,22,Home
88,2009_30,2009,RR,KXIP,Away,field,Kingsmead,1178,81,Home
89,2009_31,2009,KKR,DD,Home,bat,Kingsmead,1067,304,Away
90,2009_32,2009,DC,MI,Home,bat,SuperSport Park,328,430,Home
91,2009_33,2009,RCB,RR,Away,field,SuperSport Park,78,605,Away
92,2009_34,2009,CSK,KXIP,Home,bat,SuperSport Park,1099,869,Home
93,2009_35,2009,MI,DD,Home,bat,Buffalo Park,1067,2,Away
94,2009_36,2009,DC,KXIP,Away,field,Diamond Oval,1249,430,Away
95,2009_37,2009,RR,CSK,Home,bat,Diamond Oval,22,78,Away
96,2009_38,2009,MI,RCB,Home,bat,St George's Park,708,339,Home
97,2009_39,2009,KKR,DD,Away,field,The Wanderers Stadium,1067,389,Away
98,2009_40,2009,DC,RR,Home,bat,Diamond Oval,122,126,Home
99,2009_41,2009,KKR,RCB,Away,field,SuperSport Park,78,209,Away
100,2009_42,2009,KXIP,MI,Home,bat,SuperSport Park,551,1161,Away
101,2009_43,2009,DD,DC,Away,field,Kingsmead,126,1251,Home
102,2009_44,2009,CSK,RCB,Home,bat,Kingsmead,708,22,Away
103,2009_45,2009,RR,MI,Home,bat,Kingsmead,604,43,Home
104,2009_46,2009,DD,KXIP,Away,field,Mangaung Oval,1175,1021,Away
105,2009_47,2009,MI,CSK,Home,bat,St George's Park,1016,352,Away
106,2009_48,2009,KKR,DC,Away,field,The Wanderers Stadium,430,463,Away
107,2009_49,2009,KXIP,DC,Away,field,The Wanderers Stadium,430,1175,Home
108,2009_50,2009,DD,RR,Home,bat,Mangaung Oval,43,1153,Home
109,2009_51,2009,CSK,KKR,Home,bat,SuperSport Park,641,62,Away
110,2009_52,2009,DD,RCB,Home,bat,The Wanderers Stadium,708,945,Away
111,2009_53,2009,RR,KKR,Away,field,Kingsmead,389,124,Away
112,2009_54,2009,CSK,KXIP,Home,bat,Kingsmead,1175,17,Home
113,2009_55,2009,MI,DD,Away,field,SuperSport Park,1140,291,Away
114,2009_56,2009,RCB,DC,Home,bat,SuperSport Park,430,331,Home
115,2009_57,2009,DD,DC,Away,field,SuperSport Park,430,1251,Away
116,2009_58,2009,CSK,RCB,Away,field,The Wanderers Stadium,331,1016,Away
117,2009_59,2009,DC,RCB,Away,field,The Wanderers Stadium,331,430,Home
118,2010_1,2010,DC,KKR,Home,field,Dr DY Patil Sports Academy,90,833,Away
119,2010_2,2010,RR,MI,Away,bat,Brabourne Stadium,272,24,Away
120,2010_3,2010,KXIP,DD,Away,field,Punjab Cricket Association IS Bindra Stadium,638,121,Away
121,2010_4,2010,KKR,RCB,Home,field,Eden Gardens,615,53,Home
122,2010_5,2010,CSK,DC,Away,bat,MA Chidambaram Stadium,833,208,Away
123,2010_6,2010,RR,DD,Away,field,Sardar Patel (Gujarat) Stadium,638,24,Away
124,2010_7,2010,RCB,KXIP,Away,bat,M.Chinnaswamy Stadium,121,887,Home
125,2010_8,2010,KKR,CSK,Away,bat,Eden Gardens,208,53,Away
126,2010_9,2010,DD,MI,Home,field,Arun Jaitley Stadium,272,544,Away
127,2010_10,2010,RCB,RR,Home,field,M.Chinnaswamy Stadium,172,887,Home
128,2010_11,2010,DD,CSK,Home,bat,Arun Jaitley Stadium,801,136,Away
129,2010_12,2010,KXIP,DC,Home,field,Barabati Stadium,833,121,Away
130,2010_13,2010,RR,KKR,Home,bat,Sardar Patel (Gujarat) Stadium,90,143,Home
131,2010_14,2010,MI,RCB,Home,bat,Brabourne Stadium,782,272,Away
132,2010_15,2010,DC,DD,Home,bat,Barabati Stadium,136,807,Home
133,2010_16,2010,CSK,KXIP,Home,field,MA Chidambaram Stadium,121,466,Away
134,2010_17,2010,MI,KKR,Away,bat,Brabourne Stadium,179,80,Home
135,2010_18,2010,RCB,CSK,Away,field,M.Chinnaswamy Stadium,190,887,Home
136,2010_19,2010,KXIP,RR,Home,field,Punjab Cricket Association IS Bindra Stadium,143,121,Away
137,2010_20,2010,RCB,DD,Home,field,M.Chinnaswamy Stadium,136,766,Away
138,2010_21,2010,MI,CSK,Home,field,Brabourne Stadium,921,80,Home
139,2010_22,2010,RR,DC,Away,bat,Sardar Patel (Gujarat) Stadium,833,143,Home
140,2010_23,2010,KXIP,KKR,Away,bat,Punjab Cricket Association IS Bindra Stadium,179,121,Away
141,2010_24,2010,RR,CSK,Home,bat,Sardar Patel (Gujarat) Stadium,208,143,Home
142,2010_25,2010,DC,MI,Home,field,Dr DY Patil Sports Academy,80,807,Away
143,2010_26,2010,DD,KKR,Home,bat,Arun Jaitley Stadium,179,136,Home
144,2010_27,2010,MI,KXIP,Home,field,Brabourne Stadium,179,80,Home
145,2010_28,2010,CSK,RCB,Away,bat,MA Chidambaram Stadium,782,208,Home
146,2010_29,2010,DD,RR,Home,bat,Arun Jaitley Stadium,143,136,Home
147,2010_30,2010,KKR,DC,Home,bat,Eden Gardens,807,217,Home
148,2010_31,2010,KXIP,RCB,Home,bat,Punjab Cricket Association IS Bindra Stadium,489,58,Away
149,2010_32,2010,CSK,RR,Home,bat,MA Chidambaram Stadium,143,208,Home
150,2010_33,2010,MI,DC,Home,bat,Brabourne Stadium,833,80,Home
151,2010_34,2010,KKR,KXIP,Home,bat,Eden Gardens,516,217,Away
152,2010_35,2010,DD,RCB,Home,bat,Arun Jaitley Stadium,380,136,Home
153,2010_36,2010,RR,DC,Home,bat,Vidarbha Cricket Association Stadium,722,143,Home
154,2010_37,2010,CSK,MI,Home,bat,MA Chidambaram Stadium,80,208,Home
155,2010_38,2010,RR,KXIP,Away,bat,Sawai Mansingh Stadium,764,143,Home
156,2010_39,2010,KKR,DD,Home,bat,Eden Gardens,136,217,Home
157,2010_40,2010,RCB,DC,Away,field,M.Chinnaswamy Stadium,166,923,Away
158,2010_41,2010,KXIP,MI,Away,bat,Punjab Cricket Association IS Bindra Stadium,80,16,Home
159,2010_42,2010,CSK,DC,Home,bat,Vidarbha Cricket Association Stadium,166,208,Away
160,2010_43,2010,RCB,KKR,Home,field,M.Chinnaswamy Stadium,217,9,Home
161,2010_44,2010,DD,KXIP,Home,bat,Arun Jaitley Stadium,764,136,Away
162,2010_45,2010,RR,MI,Home,field,Sawai Mansingh Stadium,272,143,Away
163,2010_46,2010,DC,RCB,Away,field,Vidarbha Cricket Association Stadium,923,277,Home
164,2010_47,2010,MI,DD,Home,bat,Brabourne Stadium,136,7,Home
165,2010_48,2010,CSK,KKR,Away,bat,MA Chidambaram Stadium,217,208,Home
166,2010_49,2010,RR,RCB,Home,bat,Sawai Mansingh Stadium,489,143,Away
167,2010_50,2010,CSK,DD,Home,bat,MA Chidambaram Stadium,200,208,Away
168,2010_51,2010,KXIP,DC,Away,field,Himachal Pradesh Cricket Association Stadium,166,188,Away
169,2010_52,2010,RCB,MI,Home,field,M.Chinnaswamy Stadium,105,489,Away
170,2010_53,2010,KKR,RR,Away,bat,Eden Gardens,338,264,Home
171,2010_54,2010,KXIP,CSK,Away,field,Himachal Pradesh Cricket Association Stadium,208,188,Away
172,2010_55,2010,DD,DC,Away,bat,Arun Jaitley Stadium,166,136,Away
173,2010_56,2010,KKR,MI,Away,bat,Eden Gardens,30,317,Home
174,2010_57,2010,MI,RCB,Home,bat,Dr DY Patil Sports Academy,485,80,Home
175,2010_58,2010,DC,CSK,Away,bat,Dr DY Patil Sports Academy,208,277,Away
176,2010_59,2010,DC,RCB,Home,bat,Dr DY Patil Sports Academy,485,166,Away
177,2010_60,2010,MI,CSK,Away,bat,Dr DY Patil Sports Academy,208,80,Away
178,2011_1,2011,CSK,KKR,Home,bat,MA Chidambaram Stadium,493,45,Home
179,2011_2,2011,DC,RR,Away,field,Rajiv Gandhi International Stadium,25,165,Away
180,2011_3,2011,Kochi,RCB,Home,bat,Nehru Stadium,61,433,Away
181,2011_4,2011,DD,MI,Home,bat,Arun Jaitley Stadium,49,133,Away
182,2011_5,2011,KXIP,PWI,Home,bat,Dr DY Patil Sports Academy,17,195,Away
183,2011_6,2011,KKR,DC,Home,bat,Eden Gardens,165,237,Home
184,2011_7,2011,RR,DD,Away,bat,Sawai Mansingh Stadium,133,25,Home
185,2011_8,2011,RCB,MI,Away,field,M.Chinnaswamy Stadium,49,61,Away
186,2011_9,2011,KXIP,CSK,Home,field,Punjab Cricket Association IS Bindra Stadium,45,282,Home
187,2011_10,2011,Kochi,PWI,Home,bat,Dr DY Patil Sports Academy,184,525,Away
188,2011_11,2011,DC,RCB,Away,field,Rajiv Gandhi International Stadium,61,97,Home
189,2011_12,2011,RR,KKR,Away,field,Sawai Mansingh Stadium,237,25,Away
190,2011_13,2011,MI,Kochi,Away,field,Wankhede Stadium,268,49,Away
191,2011_14,2011,CSK,RCB,Home,bat,MA Chidambaram Stadium,61,338,Home
192,2011_15,2011,DC,KXIP,Away,field,Rajiv Gandhi International Stadium,195,97,Away
193,2011_16,2011,PWI,DD,Away,field,Dr DY Patil Sports Academy,133,184,Away
194,2011_17,2011,KKR,RR,Home,field,Eden Gardens,246,237,Home
195,2011_18,2011,CSK,Kochi,Away,field,Nehru Stadium,511,338,Away
196,2011_19,2011,DD,DC,Away,bat,Arun Jaitley Stadium,97,133,Away
197,2011_20,2011,RCB,RR,none,none,M.Chinnaswamy Stadium,0,0,Tie
198,2011_21,2011,MI,PWI,Away,bat,Wankhede Stadium,184,61,Home
199,2011_22,2011,KKR,Kochi,Home,field,Eden Gardens,511,237,Away
200,2011_23,2011,KXIP,RR,Away,field,Punjab Cricket Association IS Bindra Stadium,126,195,Home
201,2011_24,2011,KKR,RCB,Away,field,Eden Gardens,524,237,Away
202,2011_25,2011,MI,CSK,Away,field,Wankhede Stadium,338,17,Home
203,2011_26,2011,DD,KXIP,Away,field,Arun Jaitley Stadium,195,133,Home
204,2011_27,2011,DC,MI,Home,field,Rajiv Gandhi International Stadium,49,97,Away
205,2011_28,2011,RR,Kochi,Home,field,Sawai Mansingh Stadium,377,246,Home
206,2011_29,2011,CSK,PWI,Away,field,MA Chidambaram Stadium,184,338,Home
207,2011_30,2011,DD,RCB,Away,field,Arun Jaitley Stadium,524,133,Away
208,2011_31,2011,PWI,CSK,Home,bat,Dr DY Patil Sports Academy,338,184,Away
209,2011_32,2011,DC,Kochi,Away,field,Nehru Stadium,360,97,Home
210,2011_33,2011,DD,KKR,Home,field,Arun Jaitley Stadium,262,133,Away
211,2011_34,2011,RR,MI,Home,field,Sawai Mansingh Stadium,49,246,Home
212,2011_35,2011,RCB,PWI,Away,field,M.Chinnaswamy Stadium,184,524,Home
213,2011_36,2011,DD,Kochi,Home,bat,Nehru Stadium,148,133,Home
214,2011_37,2011,KKR,KXIP,Home,field,Eden Gardens,195,237,Home
215,2011_38,2011,RR,PWI,Home,field,Sawai Mansingh Stadium,184,246,Home
216,2011_39,2011,CSK,DC,Home,bat,MA Chidambaram Stadium,97,338,Home
217,2011_40,2011,MI,KXIP,Away,field,Wankhede Stadium,282,49,Home
218,2011_41,2011,DD,Kochi,Away,field,Arun Jaitley Stadium,22,133,Away
219,2011_42,2011,DC,KKR,Home,field,Rajiv Gandhi International Stadium,60,97,Away
220,2011_43,2011,CSK,RR,Away,bat,MA Chidambaram Stadium,246,338,Home
221,2011_44,2011,MI,PWI,Away,field,Dr DY Patil Sports Academy,184,69,Home
222,2011_45,2011,Kochi,KKR,Away,field,Nehru Stadium,237,148,Home
223,2011_46,2011,DC,DD,Away,field,Rajiv Gandhi International Stadium,165,33,Away
224,2011_47,2011,RCB,KXIP,Away,field,M.Chinnaswamy Stadium,195,524,Home
225,2011_48,2011,KKR,CSK,Away,bat,Eden Gardens,338,60,Home
226,2011_49,2011,MI,DD,Away,field,Wankhede Stadium,213,69,Home
227,2011_50,2011,RCB,Kochi,Away,bat,M.Chinnaswamy Stadium,22,524,Home
228,2011_51,2011,KXIP,PWI,Home,bat,Punjab Cricket Association IS Bindra Stadium,184,195,Away
229,2011_52,2011,RR,CSK,Home,field,Sawai Mansingh Stadium,338,246,Away
230,2011_53,2011,DC,PWI,Home,bat,Rajiv Gandhi International Stadium,184,165,Away
231,2011_54,2011,KXIP,MI,Away,field,Punjab Cricket Association IS Bindra Stadium,69,282,Home
232,2011_55,2011,RR,RCB,Away,field,Sawai Mansingh Stadium,524,246,Away
233,2011_56,2011,CSK,DD,Home,bat,MA Chidambaram Stadium,86,338,Home
234,2011_57,2011,KXIP,Kochi,Home,field,Holkar Cricket Stadium,268,195,Home
235,2011_58,2011,RCB,KKR,Home,field,M.Chinnaswamy Stadium,237,438,Home
236,2011_59,2011,MI,DC,Away,bat,Wankhede Stadium,2,195,Away
237,2011_60,2011,KXIP,DD,Away,field,Himachal Pradesh Cricket Association Stadium,86,282,Home
238,2011_61,2011,RR,Kochi,Away,field,Holkar Cricket Stadium,511,7,Away
239,2011_62,2011,DC,PWI,Home,field,Dr DY Patil Sports Academy,184,97,Home
240,2011_63,2011,KXIP,RCB,Home,bat,Himachal Pradesh Cricket Association Stadium,409,282,Home
241,2011_64,2011,CSK,Kochi,Home,bat,MA Chidambaram Stadium,240,338,Home
242,2011_65,2011,PWI,KKR,Away,field,Dr DY Patil Sports Academy,123,184,Away
243,2011_66,2011,MI,RR,Home,bat,Wankhede Stadium,246,42,Away
244,2011_67,2011,KXIP,DC,Home,field,Himachal Pradesh Cricket Association Stadium,165,282,Away
245,2011_68,2011,DD,PWI,Home,bat,Arun Jaitley Stadium,103,86,Tie
246,2011_69,2011,RCB,CSK,Home,field,M.Chinnaswamy Stadium,338,533,Home
247,2011_70,2011,KKR,MI,Away,field,Eden Gardens,42,262,Away
248,2011_71,2011,RCB,CSK,Away,field,Wankhede Stadium,338,61,Away
249,2011_72,2011,MI,KKR,Home,field,Wankhede Stadium,123,69,Home
250,2011_73,2011,RCB,MI,Away,field,MA Chidambaram Stadium,69,61,Home
251,2011_74,2011,CSK,RCB,Home,bat,MA Chidambaram Stadium,61,338,Home
252,2012_1,2012,CSK,MI,Away,field,MA Chidambaram Stadium,44,142,Away
253,2012_2,2012,KKR,DD,Away,field,Eden Gardens,20,429,Away
254,2012_3,2012,MI,PWI,Home,field,Wankhede Stadium,179,44,Away
255,2012_4,2012,RR,KXIP,Away,field,Sawai Mansingh Stadium,79,184,Home
256,2012_5,2012,RCB,DD,Away,field,M.Chinnaswamy Stadium,20,68,Home
257,2012_6,2012,DC,CSK,Home,field,Dr. Y.S. Rajasekhara Reddy ACA-VDCA Cricket Stadium,147,54,Away
258,2012_7,2012,RR,KKR,Away,field,Sawai Mansingh Stadium,429,184,Home
259,2012_8,2012,KXIP,PWI,Away,bat,Maharashtra Cricket Association Stadium,109,79,Away
260,2012_9,2012,MI,DC,Away,bat,Dr. Y.S. Rajasekhara Reddy ACA-VDCA Cricket Stadium,76,8,Home
261,2012_10,2012,RCB,KKR,Home,field,M.Chinnaswamy Stadium,289,11,Away
262,2012_11,2012,DD,CSK,Home,field,Arun Jaitley Stadium,142,368,Home
263,2012_12,2012,MI,RR,Away,field,Wankhede Stadium,184,44,Home
264,2012_13,2012,CSK,RCB,Away,bat,MA Chidambaram Stadium,122,147,Home
265,2012_14,2012,KXIP,PWI,Home,field,Punjab Cricket Association IS Bindra Stadium,109,13,Home
266,2012_15,2012,KKR,RR,Away,bat,Eden Gardens,184,289,Home
267,2012_16,2012,CSK,PWI,Home,bat,Maharashtra Cricket Association Stadium,152,142,Away
268,2012_17,2012,KKR,KXIP,Home,field,Eden Gardens,79,289,Away
269,2012_18,2012,RCB,RR,Away,bat,M.Chinnaswamy Stadium,184,122,Away
270,2012_19,2012,MI,DD,Away,field,Wankhede Stadium,368,44,Away
271,2012_20,2012,RR,DC,Away,bat,Sawai Mansingh Stadium,89,184,Home
272,2012_21,2012,RCB,PWI,Away,bat,M.Chinnaswamy Stadium,152,450,Home
273,2012_22,2012,KXIP,KKR,Home,bat,Punjab Cricket Association IS Bindra Stadium,140,79,Away
274,2012_23,2012,DD,DC,Away,bat,Arun Jaitley Stadium,89,368,Home
275,2012_24,2012,CSK,PWI,Away,field,MA Chidambaram Stadium,152,142,Home
276,2012_25,2012,KXIP,RCB,Away,field,Punjab Cricket Association IS Bindra Stadium,122,72,Away
277,2012_26,2012,CSK,RR,Away,bat,MA Chidambaram Stadium,184,72,Home
278,2012_27,2012,DD,PWI,Home,field,Arun Jaitley Stadium,152,123,Away
279,2012_28,2012,MI,KXIP,Home,bat,Wankhede Stadium,72,114,Away
280,2012_29,2012,KKR,DC,Home,field,Barabati Stadium,89,140,Home
281,2012_30,2012,RR,RCB,Home,field,Sawai Mansingh Stadium,137,184,Away
282,2012_31,2012,PWI,DD,Home,bat,Maharashtra Cricket Association Stadium,123,109,Away
283,2012_32,2012,KKR,DC,none,none,Eden Gardens,0,0,Tie
284,2012_33,2012,KXIP,MI,Home,bat,Punjab Cricket Association IS Bindra Stadium,114,72,Away
285,2012_34,2012,RCB,CSK,Home,field,M.Chinnaswamy Stadium,72,450,Tie
286,2012_35,2012,DC,PWI,Home,bat,Maharashtra Cricket Association Stadium,58,76,Home
287,2012_36,2012,DD,MI,Away,field,Arun Jaitley Stadium,0,123,Home
288,2012_37,2012,CSK,KXIP,Away,bat,MA Chidambaram Stadium,180,142,Away
289,2012_38,2012,KKR,RCB,Home,bat,Eden Gardens,450,140,Home
290,2012_39,2012,DD,RR,Home,bat,Arun Jaitley Stadium,184,123,Home
291,2012_40,2012,MI,DC,Home,field,Wankhede Stadium,76,44,Home
292,2012_41,2012,CSK,KKR,Home,bat,MA Chidambaram Stadium,229,142,Away
293,2012_42,2012,DC,PWI,Home,bat,Barabati Stadium,58,76,Home
294,2012_43,2012,RR,DD,Home,bat,Sawai Mansingh Stadium,123,184,Away
295,2012_44,2012,RCB,KXIP,Away,field,M.Chinnaswamy Stadium,180,122,Away
296,2012_45,2012,MI,PWI,Home,bat,Maharashtra Cricket Association Stadium,152,114,Home
297,2012_46,2012,CSK,DC,Home,bat,MA Chidambaram Stadium,76,142,Home
298,2012_47,2012,KKR,PWI,Home,bat,Eden Gardens,152,229,Home
299,2012_48,2012,KXIP,RR,Away,bat,Punjab Cricket Association IS Bindra Stadium,184,142,Away
300,2012_49,2012,MI,CSK,Home,field,Wankhede Stadium,147,114,Home
301,2012_50,2012,RCB,DC,Home,field,M.Chinnaswamy Stadium,54,450,Home
302,2012_51,2012,DD,KKR,Home,bat,Arun Jaitley Stadium,140,121,Away
303,2012_52,2012,PWI,RR,Home,bat,Maharashtra Cricket Association Stadium,184,121,Away
304,2012_53,2012,DC,KXIP,Home,field,Rajiv Gandhi International Stadium,180,54,Away
305,2012_54,2012,MI,RCB,Away,field,Wankhede Stadium,450,114,Away
306,2012_55,2012,DC,DD,Home,bat,Rajiv Gandhi International Stadium,54,233,Away
307,2012_56,2012,RR,CSK,Away,field,Sawai Mansingh Stadium,255,184,Away
308,2012_57,2012,RCB,PWI,Away,field,Maharashtra Cricket Association Stadium,61,450,Home
309,2012_58,2012,KKR,MI,Away,bat,Eden Gardens,27,229,Away
310,2012_59,2012,CSK,DD,Home,field,MA Chidambaram Stadium,121,255,Home
311,2012_60,2012,RR,PWI,Home,bat,Sawai Mansingh Stadium,121,184,Home
312,2012_61,2012,KXIP,DC,Away,bat,Punjab Cricket Association IS Bindra Stadium,243,72,Home
313,2012_62,2012,RCB,MI,Away,field,M.Chinnaswamy Stadium,27,450,Away
314,2012_63,2012,KKR,CSK,Away,field,Eden Gardens,255,229,Away
315,2012_64,2012,DD,KXIP,Away,bat,Arun Jaitley Stadium,180,121,Home
316,2012_65,2012,MI,KKR,Home,field,Wankhede Stadium,229,27,Away
317,2012_66,2012,KXIP,CSK,Home,field,Himachal Pradesh Cricket Association Stadium,255,79,Home
318,2012_67,2012,DD,RCB,Home,field,Arun Jaitley Stadium,450,18,Away
319,2012_68,2012,DC,RR,Away,bat,Rajiv Gandhi International Stadium,184,28,Home
320,2012_69,2012,KXIP,DD,Away,field,Himachal Pradesh Cricket Association Stadium,18,79,Away
321,2012_70,2012,KKR,PWI,Home,bat,Maharashtra Cricket Association Stadium,152,140,Home
322,2012_71,2012,DD,RCB,Away,field,Rajiv Gandhi International Stadium,450,243,Home
323,2012_72,2012,RR,MI,Home,bat,Sawai Mansingh Stadium,111,184,Away
324,2012_73,2012,KKR,DC,Home,bat,Maharashtra Cricket Association Stadium,121,140,Home
325,2012_74,2012,CSK,MI,Away,field,M.Chinnaswamy Stadium,111,255,Home
326,2012_75,2012,CSK,DD,Away,field,MA Chidambaram Stadium,123,255,Home
327,2012_76,2012,CSK,KKR,Home,bat,MA Chidambaram Stadium,229,255,Away
328,2013_1,2013,KKR,DD,Home,field,Eden Gardens,66,150,Home
329,2013_2,2013,RCB,MI,Away,field,M.Chinnaswamy Stadium,16,384,Home
330,2013_3,2013,SRH,PWI,Away,field,Rajiv Gandhi International Stadium,217,27,Home
331,2013_4,2013,DD,RR,Away,bat,Arun Jaitley Stadium,7,166,Away
332,2013_5,2013,CSK,MI,Away,bat,MA Chidambaram Stadium,16,402,Away
333,2013_6,2013,KXIP,PWI,Away,bat,Maharashtra Cricket Association Stadium,217,158,Home
334,2013_7,2013,SRH,RCB,Away,bat,Rajiv Gandhi International Stadium,384,27,Home
335,2013_8,2013,RR,KKR,Away,field,Sawai Mansingh Stadium,150,554,Home
336,2013_9,2013,RCB,SRH,Away,bat,M.Chinnaswamy Stadium,27,33,Home
337,2013_10,2013,MI,DD,Home,bat,Wankhede Stadium,66,16,Home
338,2013_11,2013,KXIP,CSK,Away,field,Punjab Cricket Association IS Bindra Stadium,402,105,Away
339,2013_12,2013,RCB,KKR,Home,field,M.Chinnaswamy Stadium,150,349,Home
340,2013_13,2013,RR,PWI,Home,bat,Maharashtra Cricket Association Stadium,164,7,Away
341,2013_14,2013,DD,SRH,Home,bat,Arun Jaitley Stadium,27,166,Away
342,2013_15,2013,MI,PWI,Home,bat,Wankhede Stadium,204,16,Home
343,2013_16,2013,CSK,RCB,Home,field,MA Chidambaram Stadium,349,402,Home
344,2013_17,2013,KKR,SRH,Home,bat,Eden Gardens,126,150,Home
345,2013_18,2013,RR,KXIP,Home,field,Sawai Mansingh Stadium,105,554,Home
346,2013_19,2013,CSK,PWI,Away,bat,MA Chidambaram Stadium,164,0,Away
347,2013_20,2013,KXIP,KKR,Away,field,Punjab Cricket Association IS Bindra Stadium,150,158,Home
348,2013_21,2013,RCB,DD,Home,field,M.Chinnaswamy Stadium,166,576,Home
349,2013_22,2013,SRH,PWI,Away,field,Maharashtra Cricket Association Stadium,164,126,Home
350,2013_23,2013,RR,MI,Home,bat,Sawai Mansingh Stadium,122,554,Home
351,2013_24,2013,DD,CSK,Away,bat,Arun Jaitley Stadium,402,166,Away
352,2013_25,2013,SRH,KXIP,Away,bat,Rajiv Gandhi International Stadium,105,12,Home
353,2013_26,2013,KKR,CSK,Home,bat,Eden Gardens,595,150,Away
354,2013_27,2013,RCB,RR,Home,field,M.Chinnaswamy Stadium,554,384,Home
355,2013_28,2013,DD,MI,Away,bat,Arun Jaitley Stadium,200,128,Home
356,2013_29,2013,KXIP,PWI,Home,field,Punjab Cricket Association IS Bindra Stadium,164,158,Home
357,2013_30,2013,CSK,RR,Away,bat,MA Chidambaram Stadium,554,402,Home
358,2013_31,2013,RCB,PWI,Away,field,M.Chinnaswamy Stadium,164,384,Home
359,2013_32,2013,DD,KXIP,Away,field,Arun Jaitley Stadium,158,128,Away
360,2013_33,2013,KKR,MI,Home,bat,Eden Gardens,200,151,Away
361,2013_34,2013,CSK,SRH,Away,bat,MA Chidambaram Stadium,12,402,Home
362,2013_35,2013,KKR,KXIP,Away,bat,Eden Gardens,158,150,Home
363,2013_36,2013,RR,SRH,Away,bat,Sawai Mansingh Stadium,27,185,Home
364,2013_37,2013,MI,RCB,Home,bat,Wankhede Stadium,384,200,Home
365,2013_38,2013,CSK,KKR,Away,field,MA Chidambaram Stadium,150,29,Home
366,2013_39,2013,DD,PWI,Away,field,Shaheed Veer Narayan Singh International Stadium,164,128,Home
367,2013_40,2013,RR,RCB,Home,field,Sawai Mansingh Stadium,2,185,Home
368,2013_41,2013,MI,KXIP,Home,bat,Wankhede Stadium,105,200,Home
369,2013_42,2013,CSK,PWI,Home,bat,Maharashtra Cricket Association Stadium,164,287,Home
370,2013_43,2013,SRH,MI,Away,bat,Rajiv Gandhi International Stadium,200,27,Home
371,2013_44,2013,DD,KKR,Away,bat,Shaheed Veer Narayan Singh International Stadium,150,128,Home
372,2013_45,2013,CSK,KXIP,Home,bat,MA Chidambaram Stadium,16,29,Home
373,2013_46,2013,RCB,PWI,Home,bat,Maharashtra Cricket Association Stadium,164,29,Home
374,2013_47,2013,KKR,RR,Away,bat,Eden Gardens,554,150,Home
375,2013_48,2013,SRH,DD,Away,bat,Rajiv Gandhi International Stadium,128,126,Home
376,2013_49,2013,MI,CSK,Home,bat,Wankhede Stadium,402,200,Home
377,2013_50,2013,RR,PWI,Away,bat,Sawai Mansingh Stadium,164,185,Home
378,2013_51,2013,KXIP,RCB,Home,field,Punjab Cricket Association IS Bindra Stadium,37,105,Home
379,2013_52,2013,RR,DD,Away,bat,Sawai Mansingh Stadium,128,185,Home
380,2013_53,2013,MI,KKR,Home,bat,Wankhede Stadium,150,200,Home
381,2013_54,2013,SRH,CSK,Home,field,Rajiv Gandhi International Stadium,402,126,Away
382,2013_55,2013,KXIP,RR,Away,field,Punjab Cricket Association IS Bindra Stadium,185,105,Away
383,2013_56,2013,KKR,PWI,Home,bat,Maharashtra Cricket Association Stadium,164,150,Home
384,2013_57,2013,DD,RCB,Home,field,Arun Jaitley Stadium,37,128,Away
385,2013_58,2013,PWI,MI,Home,bat,Maharashtra Cricket Association Stadium,200,164,Away
386,2013_59,2013,KXIP,SRH,Home,field,Punjab Cricket Association IS Bindra Stadium,126,158,Away
387,2013_60,2013,KKR,RCB,Home,field,JSCA International Stadium Complex,37,150,Home
388,2013_61,2013,RR,CSK,Home,field,Sawai Mansingh Stadium,402,185,Home
389,2013_62,2013,MI,SRH,Away,bat,Wankhede Stadium,126,200,Home
390,2013_63,2013,RCB,KXIP,Away,field,M.Chinnaswamy Stadium,158,37,Away
391,2013_64,2013,CSK,DD,Home,bat,MA Chidambaram Stadium,136,402,Home
392,2013_65,2013,KKR,PWI,Home,field,JSCA International Stadium Complex,164,150,Away
393,2013_66,2013,MI,RR,Away,field,Wankhede Stadium,185,73,Home
394,2013_67,2013,KXIP,DD,Away,field,Himachal Pradesh Cricket Association Stadium,128,158,Home
395,2013_68,2013,SRH,RR,Home,bat,Rajiv Gandhi International Stadium,185,126,Home
396,2013_69,2013,KXIP,MI,Away,field,Himachal Pradesh Cricket Association Stadium,73,158,Home
397,2013_70,2013,RCB,CSK,Away,field,M.Chinnaswamy Stadium,402,254,Home
398,2013_71,2013,PWI,DD,Home,bat,Maharashtra Cricket Association Stadium,128,164,Home
399,2013_72,2013,SRH,KKR,Away,bat,Rajiv Gandhi International Stadium,150,126,Home
400,2013_73,2013,CSK,MI,Home,bat,Arun Jaitley Stadium,200,402,Home
401,2013_74,2013,SRH,RR,Home,bat,Arun Jaitley Stadium,185,126,Away
402,2013_75,2013,RR,MI,Home,bat,Eden Gardens,200,185,Away
403,2013_76,2013,MI,CSK,Home,bat,Eden Gardens,402,200,Home
404,2014_1,2014,KKR,MI,Home,bat,Sheikh Zayed Stadium,74,111,Home
405,2014_2,2014,DD,RCB,Away,field,Sharjah Cricket Stadium,108,43,Away
406,2014_3,2014,CSK,KXIP,Home,bat,Sheikh Zayed Stadium,42,285,Away
407,2014_4,2014,SRH,RR,Away,field,Sheikh Zayed Stadium,18,124,Away
408,2014_5,2014,MI,RCB,Away,field,Dubai International Cricket Stadium,10,74,Away
409,2014_6,2014,KKR,DD,Home,bat,Dubai International Cricket Stadium,89,104,Away
410,2014_7,2014,RR,KXIP,Away,field,Sharjah Cricket Stadium,42,18,Away
411,2014_8,2014,CSK,DD,Home,bat,Sheikh Zayed Stadium,43,285,Home
412,2014_9,2014,KXIP,SRH,Away,field,Sharjah Cricket Stadium,124,42,Home
413,2014_10,2014,CSK,RR,Away,field,Dubai International Cricket Stadium,18,285,Home
414,2014_11,2014,KKR,RCB,Away,field,Sharjah Cricket Stadium,108,104,Home
415,2014_12,2014,SRH,DD,Home,bat,Dubai International Cricket Stadium,66,159,Home
416,2014_13,2014,MI,CSK,Home,bat,Dubai International Cricket Stadium,285,74,Away
417,2014_14,2014,RCB,RR,Away,field,Sheikh Zayed Stadium,120,108,Away
418,2014_15,2014,KXIP,KKR,Away,field,Sheikh Zayed Stadium,234,42,Home
419,2014_16,2014,MI,DD,Home,bat,Sharjah Cricket Stadium,66,153,Away
420,2014_17,2014,SRH,CSK,Home,bat,Sharjah Cricket Stadium,285,124,Away
421,2014_18,2014,RCB,KXIP,Away,field,Dubai International Cricket Stadium,42,92,Away
422,2014_19,2014,RR,KKR,Home,bat,Sheikh Zayed Stadium,111,120,Home
423,2014_20,2014,SRH,MI,Away,field,Dubai International Cricket Stadium,25,124,Home
424,2014_21,2014,KKR,CSK,Away,bat,JSCA International Stadium Complex,285,268,Away
425,2014_22,2014,MI,KXIP,Away,bat,Wankhede Stadium,42,25,Home
426,2014_23,2014,DD,RR,Away,field,Arun Jaitley Stadium,120,66,Away
427,2014_24,2014,RCB,SRH,Home,field,M.Chinnaswamy Stadium,124,92,Home
428,2014_25,2014,RR,KKR,Away,field,Sardar Patel (Gujarat) Stadium,268,120,Home
429,2014_26,2014,DD,CSK,Away,field,Arun Jaitley Stadium,285,66,Away
430,2014_27,2014,MI,RCB,Away,field,Wankhede Stadium,92,25,Home
431,2014_28,2014,DD,KKR,Home,bat,Arun Jaitley Stadium,268,66,Away
432,2014_29,2014,KXIP,CSK,Away,field,Barabati Stadium,285,215,Home
433,2014_30,2014,RR,SRH,Home,field,Sardar Patel (Gujarat) Stadium,159,120,Away
434,2014_31,2014,RCB,KXIP,Home,field,M.Chinnaswamy Stadium,215,92,Away
435,2014_32,2014,DD,SRH,Away,field,Arun Jaitley Stadium,124,66,Away
436,2014_33,2014,MI,CSK,Away,field,Wankhede Stadium,285,167,Away
437,2014_34,2014,KKR,KXIP,Home,field,Barabati Stadium,215,268,Home
438,2014_35,2014,RCB,RR,Home,bat,M.Chinnaswamy Stadium,120,131,Away
439,2014_36,2014,SRH,MI,Home,bat,Rajiv Gandhi International Stadium,167,124,Away
440,2014_37,2014,CSK,RR,Away,bat,JSCA International Stadium Complex,49,285,Home
441,2014_38,2014,RCB,DD,Away,field,M.Chinnaswamy Stadium,89,92,Home
442,2014_39,2014,SRH,KXIP,Away,field,Rajiv Gandhi International Stadium,215,124,Away
443,2014_40,2014,KKR,MI,Home,field,Barabati Stadium,167,268,Home
444,2014_41,2014,RR,DD,Away,field,Sardar Patel (Gujarat) Stadium,157,120,Home
445,2014_42,2014,CSK,RCB,Home,bat,JSCA International Stadium Complex,92,285,Away
446,2014_43,2014,SRH,KKR,Home,bat,Rajiv Gandhi International Stadium,268,124,Away
447,2014_44,2014,RR,MI,Away,bat,Sardar Patel (Gujarat) Stadium,74,136,Away
448,2014_45,2014,DD,KXIP,Away,field,Arun Jaitley Stadium,215,89,Away
449,2014_46,2014,SRH,RCB,Away,bat,Rajiv Gandhi International Stadium,92,159,Home
450,2014_47,2014,KKR,CSK,Home,field,Eden Gardens,285,268,Home
451,2014_48,2014,KXIP,MI,Away,field,Punjab Cricket Association IS Bindra Stadium,167,215,Away
452,2014_49,2014,KKR,RCB,Away,field,Eden Gardens,92,268,Home
453,2014_50,2014,CSK,SRH,Away,field,JSCA International Stadium Complex,201,285,Away
454,2014_51,2014,MI,DD,Away,field,Wankhede Stadium,89,167,Home
455,2014_52,2014,KXIP,RR,Away,field,Punjab Cricket Association IS Bindra Stadium,120,215,Home
456,2014_53,2014,RCB,CSK,Away,field,M.Chinnaswamy Stadium,285,76,Away
457,2014_54,2014,KKR,SRH,Home,field,Eden Gardens,201,268,Home
458,2014_55,2014,KXIP,DD,Home,field,Punjab Cricket Association IS Bindra Stadium,157,215,Home
459,2014_56,2014,MI,RR,Home,field,Wankhede Stadium,185,167,Home
460,2014_57,2014,KKR,KXIP,Away,field,Eden Gardens,215,268,Home
461,2014_58,2014,MI,CSK,Away,field,Brabourne Stadium,285,167,Away
462,2014_59,2014,KXIP,CSK,Away,field,Wankhede Stadium,285,215,Home
463,2014_60,2014,KXIP,KKR,Away,field,M.Chinnaswamy Stadium,268,215,Away
464,2015_1,2015,KKR,MI,Home,field,Eden Gardens,188,159,Home
465,2015_2,2015,CSK,DD,Away,field,MA Chidambaram Stadium,89,216,Home
466,2015_3,2015,KXIP,RR,Home,field,Maharashtra Cricket Association Stadium,185,149,Away
467,2015_4,2015,CSK,SRH,Home,bat,MA Chidambaram Stadium,256,216,Home
468,2015_5,2015,KKR,RCB,Away,field,Eden Gardens,236,159,Away
469,2015_6,2015,DD,RR,Away,field,Arun Jaitley Stadium,185,89,Away
470,2015_7,2015,MI,KXIP,Home,field,Wankhede Stadium,149,188,Away
471,2015_8,2015,RCB,SRH,Away,field,M.Chinnaswamy Stadium,256,236,Away
472,2015_9,2015,RR,MI,Away,bat,Sardar Patel (Gujarat) Stadium,10,185,Home
473,2015_10,2015,KXIP,DD,Home,bat,Maharashtra Cricket Association Stadium,89,149,Away
474,2015_11,2015,SRH,RR,Away,field,Dr. Y.S. Rajasekhara Reddy ACA-VDCA Cricket Stadium,185,256,Away
475,2015_12,2015,MI,CSK,Home,bat,Wankhede Stadium,216,228,Away
476,2015_13,2015,SRH,DD,Away,bat,Dr. Y.S. Rajasekhara Reddy ACA-VDCA Cricket Stadium,89,256,Away
477,2015_14,2015,KXIP,KKR,Away,field,Maharashtra Cricket Association Stadium,159,149,Away
478,2015_15,2015,RR,CSK,Away,bat,Sardar Patel (Gujarat) Stadium,216,412,Home
479,2015_16,2015,RCB,MI,Home,field,M.Chinnaswamy Stadium,228,236,Away
480,2015_17,2015,DD,KKR,Away,field,Arun Jaitley Stadium,159,89,Away
481,2015_18,2015,RR,KXIP,Away,field,Sardar Patel (Gujarat) Stadium,177,412,Away
482,2015_19,2015,SRH,KKR,Away,field,Dr. Y.S. Rajasekhara Reddy ACA-VDCA Cricket Stadium,159,148,Home
483,2015_20,2015,RCB,CSK,Home,field,M.Chinnaswamy Stadium,216,11,Away
484,2015_21,2015,DD,MI,Away,field,Arun Jaitley Stadium,228,89,Home
485,2015_22,2015,RR,RCB,Away,field,Sardar Patel (Gujarat) Stadium,236,412,Away
486,2015_23,2015,MI,SRH,Home,bat,Wankhede Stadium,148,228,Home
487,2015_24,2015,CSK,KXIP,Home,bat,MA Chidambaram Stadium,177,216,Home
488,2015_25,2015,KKR,RR,none,none,Eden Gardens,0,0,Tie
489,2015_26,2015,DD,RCB,Away,field,Arun Jaitley Stadium,236,89,Away
490,2015_27,2015,KXIP,SRH,Home,field,Punjab Cricket Association IS Bindra Stadium,256,109,Away
491,2015_28,2015,CSK,KKR,Away,field,MA Chidambaram Stadium,159,216,Home
492,2015_29,2015,RCB,RR,Away,field,M.Chinnaswamy Stadium,412,236,Tie
493,2015_30,2015,KKR,CSK,Home,field,Eden Gardens,216,159,Home
494,2015_31,2015,DD,KXIP,Home,field,Arun Jaitley Stadium,40,89,Home
495,2015_32,2015,MI,RR,Away,field,Wankhede Stadium,412,228,Home
496,2015_33,2015,RCB,KKR,Home,field,M.Chinnaswamy Stadium,159,236,Home
497,2015_34,2015,SRH,CSK,Away,field,Rajiv Gandhi International Stadium,216,256,Home
498,2015_35,2015,KXIP,MI,Away,bat,Punjab Cricket Association IS Bindra Stadium,228,149,Away
499,2015_36,2015,RR,DD,Away,field,Brabourne Stadium,89,412,Home
500,2015_37,2015,CSK,RCB,Home,bat,MA Chidambaram Stadium,2,216,Home
501,2015_38,2015,KKR,SRH,Away,field,Eden Gardens,256,159,Home
502,2015_39,2015,MI,DD,Away,bat,Wankhede Stadium,89,228,Home
503,2015_40,2015,RCB,KXIP,Away,field,M.Chinnaswamy Stadium,109,236,Home
504,2015_41,2015,RR,SRH,Home,field,Brabourne Stadium,148,412,Away
505,2015_42,2015,KKR,DD,Home,bat,Eden Gardens,28,159,Home
506,2015_43,2015,CSK,MI,Home,bat,MA Chidambaram Stadium,228,216,Away
507,2015_44,2015,KKR,KXIP,Away,bat,Eden Gardens,109,159,Home
508,2015_45,2015,DD,SRH,Away,bat,Shaheed Veer Narayan Singh International Stadium,148,59,Away
509,2015_46,2015,MI,RCB,Away,bat,Wankhede Stadium,236,160,Away
510,2015_47,2015,CSK,RR,Home,bat,MA Chidambaram Stadium,412,216,Home
511,2015_48,2015,SRH,KXIP,Home,bat,Rajiv Gandhi International Stadium,109,256,Home
512,2015_49,2015,DD,CSK,Away,bat,Shaheed Veer Narayan Singh International Stadium,216,59,Home
513,2015_50,2015,KXIP,RCB,Away,field,Punjab Cricket Association IS Bindra Stadium,236,110,Home
514,2015_51,2015,MI,KKR,Away,field,Wankhede Stadium,159,228,Home
515,2015_52,2015,SRH,RCB,Home,bat,Rajiv Gandhi International Stadium,236,256,Away
516,2015_53,2015,KXIP,CSK,Home,bat,Punjab Cricket Association IS Bindra Stadium,25,110,Away
517,2015_54,2015,RR,KKR,Home,bat,Brabourne Stadium,159,412,Home
518,2015_55,2015,RCB,DD,Home,field,M.Chinnaswamy Stadium,59,187,Tie
519,2015_56,2015,SRH,MI,Home,bat,Rajiv Gandhi International Stadium,228,256,Away
520,2015_57,2015,MI,CSK,Home,bat,Wankhede Stadium,241,228,Home
521,2015_58,2015,RCB,RR,Home,bat,Maharashtra Cricket Association Stadium,412,236,Home
522,2015_59,2015,CSK,RCB,Home,field,JSCA International Stadium Complex,236,241,Home
523,2015_60,2015,MI,CSK,Away,field,Eden Gardens,241,228,Home
524,2016_1,2016,MI,RPS,Home,bat,Wankhede Stadium,184,3,Away
525,2016_2,2016,KKR,DD,Home,field,Eden Gardens,11,175,Home
526,2016_3,2016,KXIP,GL,Away,field,Punjab Cricket Association IS Bindra Stadium,158,167,Away
527,2016_4,2016,RCB,SRH,Away,field,M.Chinnaswamy Stadium,338,154,Home
528,2016_5,2016,KKR,MI,Away,field,Eden Gardens,279,175,Away
529,2016_6,2016,GL,RPS,Away,bat,Saurashtra Cricket Association Stadium,184,158,Home
530,2016_7,2016,DD,KXIP,Home,field,Arun Jaitley Stadium,167,185,Home
531,2016_8,2016,SRH,KKR,Home,bat,Rajiv Gandhi International Stadium,175,338,Away
532,2016_9,2016,MI,GL,Away,field,Wankhede Stadium,158,279,Away
533,2016_10,2016,KXIP,RPS,Away,bat,Punjab Cricket Association IS Bindra Stadium,184,167,Home
534,2016_11,2016,RCB,DD,Away,field,M.Chinnaswamy Stadium,185,154,Away
535,2016_12,2016,SRH,MI,Home,field,Rajiv Gandhi International Stadium,18,338,Home
536,2016_13,2016,KXIP,KKR,Away,field,Punjab Cricket Association IS Bindra Stadium,175,167,Away
537,2016_14,2016,MI,RCB,Home,field,Wankhede Stadium,583,279,Home
538,2016_15,2016,GL,SRH,Away,field,Saurashtra Cricket Association Stadium,338,158,Away
539,2016_16,2016,RPS,RCB,Home,field,Maharashtra Cricket Association Stadium,583,184,Away
540,2016_17,2016,DD,MI,Away,field,Arun Jaitley Stadium,279,185,Home
541,2016_18,2016,SRH,KXIP,Home,field,Rajiv Gandhi International Stadium,167,338,Home
542,2016_19,2016,GL,RCB,Away,bat,Saurashtra Cricket Association Stadium,356,229,Home
543,2016_20,2016,RPS,KKR,Away,field,Maharashtra Cricket Association Stadium,175,184,Away
544,2016_21,2016,KXIP,MI,Home,field,Punjab Cricket Association IS Bindra Stadium,279,167,Away
545,2016_22,2016,SRH,RPS,Away,field,Rajiv Gandhi International Stadium,184,338,Away
546,2016_23,2016,DD,GL,Home,field,Arun Jaitley Stadium,229,401,Away
547,2016_24,2016,MI,KKR,Home,field,Wankhede Stadium,175,279,Home
548,2016_25,2016,RPS,GL,Away,field,Maharashtra Cricket Association Stadium,229,250,Away
549,2016_26,2016,DD,KKR,Away,field,Arun Jaitley Stadium,175,185,Home
550,2016_27,2016,SRH,RCB,Away,field,Rajiv Gandhi International Stadium,583,338,Home
551,2016_28,2016,GL,KXIP,Home,field,Saurashtra Cricket Association Stadium,167,229,Away
552,2016_29,2016,RPS,MI,Away,field,Maharashtra Cricket Association Stadium,279,250,Away
553,2016_30,2016,RCB,KKR,Away,field,M.Chinnaswamy Stadium,175,381,Away
554,2016_31,2016,GL,DD,Away,field,Saurashtra Cricket Association Stadium,185,229,Away
555,2016_32,2016,KKR,KXIP,Away,field,Eden Gardens,167,175,Home
556,2016_33,2016,DD,RPS,Away,field,Arun Jaitley Stadium,184,76,Away
557,2016_34,2016,SRH,GL,Home,field,Rajiv Gandhi International Stadium,229,338,Home
558,2016_35,2016,RCB,RPS,Home,field,M.Chinnaswamy Stadium,184,583,Home
559,2016_36,2016,KXIP,DD,Away,field,Punjab Cricket Association IS Bindra Stadium,401,167,Home
560,2016_37,2016,MI,SRH,Home,field,Dr. Y.S. Rajasekhara Reddy ACA-VDCA Cricket Stadium,338,279,Away
561,2016_38,2016,KKR,GL,Away,field,Eden Gardens,229,175,Away
562,2016_39,2016,KXIP,RCB,Home,field,Punjab Cricket Association IS Bindra Stadium,583,64,Away
563,2016_40,2016,RPS,SRH,Away,bat,Dr. Y.S. Rajasekhara Reddy ACA-VDCA Cricket Stadium,338,184,Away
564,2016_41,2016,RCB,MI,Away,field,M.Chinnaswamy Stadium,279,356,Away
565,2016_42,2016,SRH,DD,Away,field,Rajiv Gandhi International Stadium,185,338,Away
566,2016_43,2016,MI,KXIP,Home,bat,Dr. Y.S. Rajasekhara Reddy ACA-VDCA Cricket Stadium,167,183,Away
567,2016_44,2016,RCB,GL,Away,field,M.Chinnaswamy Stadium,229,154,Home
568,2016_45,2016,KKR,RPS,Away,bat,Eden Gardens,184,175,Home
569,2016_46,2016,KXIP,SRH,Home,bat,Punjab Cricket Association IS Bindra Stadium,338,64,Away
570,2016_47,2016,MI,DD,Away,field,Dr. Y.S. Rajasekhara Reddy ACA-VDCA Cricket Stadium,11,183,Home
571,2016_48,2016,KKR,RCB,Away,field,Eden Gardens,154,175,Away
572,2016_49,2016,RPS,DD,Home,field,Dr. Y.S. Rajasekhara Reddy ACA-VDCA Cricket Stadium,185,184,Home
573,2016_50,2016,RCB,KXIP,Away,field,M.Chinnaswamy Stadium,167,154,Home
574,2016_51,2016,GL,KKR,Home,field,Green Park,175,229,Home
575,2016_52,2016,DD,SRH,Home,field,Shaheed Veer Narayan Singh International Stadium,338,185,Home
576,2016_53,2016,RPS,KXIP,Away,bat,Dr. Y.S. Rajasekhara Reddy ACA-VDCA Cricket Stadium,64,184,Home
577,2016_54,2016,GL,MI,Home,field,Green Park,183,158,Home
578,2016_55,2016,KKR,SRH,Away,field,Eden Gardens,168,175,Home
579,2016_56,2016,DD,RCB,Away,field,Shaheed Veer Narayan Singh International Stadium,154,185,Away
580,2016_57,2016,RCB,GL,Home,field,M.Chinnaswamy Stadium,158,154,Home
581,2016_58,2016,SRH,KKR,Away,field,Arun Jaitley Stadium,175,338,Home
582,2016_59,2016,GL,SRH,Away,field,Arun Jaitley Stadium,338,17,Away
583,2016_60,2016,RCB,SRH,Away,bat,M.Chinnaswamy Stadium,338,154,Away
584,2017_1,2017,SRH,RCB,Away,field,Rajiv Gandhi International Stadium,91,273,Home
585,2017_2,2017,RPS,MI,Home,field,Maharashtra Cricket Association Stadium,170,136,Home
586,2017_3,2017,GL,KKR,Away,field,Saurashtra Cricket Association Stadium,192,28,Away
587,2017_4,2017,KXIP,RPS,Home,field,Holkar Cricket Stadium,136,159,Home
588,2017_5,2017,RCB,DD,Home,bat,M.Chinnaswamy Stadium,7,179,Home
589,2017_6,2017,SRH,GL,Home,field,Rajiv Gandhi International Stadium,28,273,Home
590,2017_7,2017,MI,KKR,Home,field,Wankhede Stadium,192,170,Home
591,2017_8,2017,KXIP,RCB,Away,bat,Holkar Cricket Stadium,88,94,Home
592,2017_9,2017,RPS,DD,Home,field,Maharashtra Cricket Association Stadium,7,136,Away
593,2017_10,2017,MI,SRH,Home,field,Wankhede Stadium,181,170,Home
594,2017_11,2017,KKR,KXIP,Home,field,Eden Gardens,159,298,Home
595,2017_12,2017,RCB,MI,Away,field,M.Chinnaswamy Stadium,170,91,Away
596,2017_13,2017,GL,RPS,Home,field,Saurashtra Cricket Association Stadium,136,139,Home
597,2017_14,2017,KKR,SRH,Away,field,Eden Gardens,273,298,Home
598,2017_15,2017,DD,KXIP,Home,bat,Arun Jaitley Stadium,94,156,Home
599,2017_16,2017,MI,GL,Home,field,Wankhede Stadium,139,170,Home
600,2017_17,2017,RCB,RPS,Home,field,M.Chinnaswamy Stadium,136,111,Away
601,2017_18,2017,DD,KKR,Home,bat,Arun Jaitley Stadium,192,156,Away
602,2017_19,2017,SRH,KXIP,Away,field,Rajiv Gandhi International Stadium,159,273,Home
603,2017_20,2017,GL,RCB,Home,field,Saurashtra Cricket Association Stadium,91,139,Away
604,2017_21,2017,SRH,DD,Home,bat,Rajiv Gandhi International Stadium,156,273,Home
605,2017_22,2017,KXIP,MI,Away,field,Holkar Cricket Stadium,170,159,Away
606,2017_23,2017,KKR,GL,Away,field,Eden Gardens,141,298,Away
607,2017_24,2017,RPS,SRH,Home,field,Maharashtra Cricket Association Stadium,273,136,Home
608,2017_25,2017,MI,DD,Away,field,Wankhede Stadium,156,170,Home
609,2017_26,2017,GL,KXIP,Home,field,Saurashtra Cricket Association Stadium,94,155,Away
610,2017_27,2017,KKR,RCB,Away,field,Eden Gardens,91,298,Home
611,2017_28,2017,MI,RPS,Home,field,Wankhede Stadium,136,170,Away
612,2017_29,2017,RCB,SRH,none,none,M.Chinnaswamy Stadium,0,0,Tie
613,2017_30,2017,RPS,KKR,Away,field,Maharashtra Cricket Association Stadium,298,136,Away
614,2017_31,2017,RCB,GL,Away,field,M.Chinnaswamy Stadium,125,91,Away
615,2017_32,2017,KKR,DD,Home,field,Eden Gardens,279,298,Home
616,2017_33,2017,KXIP,SRH,Home,field,Punjab Cricket Association IS Bindra Stadium,273,75,Away
617,2017_34,2017,RPS,RCB,Away,field,Maharashtra Cricket Association Stadium,62,136,Home
618,2017_35,2017,GL,MI,Home,bat,Saurashtra Cricket Association Stadium,170,125,Away
619,2017_36,2017,KXIP,DD,Home,field,Punjab Cricket Association IS Bindra Stadium,156,234,Home
620,2017_37,2017,SRH,KKR,Away,field,Rajiv Gandhi International Stadium,298,273,Home
621,2017_38,2017,MI,RCB,Away,bat,Wankhede Stadium,111,170,Home
622,2017_39,2017,RPS,GL,Home,field,Maharashtra Cricket Association Stadium,125,136,Home
623,2017_40,2017,DD,SRH,Home,field,Arun Jaitley Stadium,273,279,Home
624,2017_41,2017,KKR,RPS,Away,field,Eden Gardens,136,298,Away
625,2017_42,2017,DD,GL,Home,field,Arun Jaitley Stadium,139,279,Home
626,2017_43,2017,RCB,KXIP,Home,field,M.Chinnaswamy Stadium,234,81,Away
627,2017_44,2017,SRH,RPS,Home,field,Rajiv Gandhi International Stadium,136,273,Away
628,2017_45,2017,DD,MI,Home,field,Arun Jaitley Stadium,58,279,Away
629,2017_46,2017,RCB,KKR,Away,field,M.Chinnaswamy Stadium,134,91,Away
630,2017_47,2017,KXIP,GL,Away,field,Punjab Cricket Association IS Bindra Stadium,139,234,Away
631,2017_48,2017,SRH,MI,Away,bat,Rajiv Gandhi International Stadium,58,273,Home
632,2017_49,2017,KXIP,KKR,Away,field,Punjab Cricket Association IS Bindra Stadium,298,75,Home
633,2017_50,2017,GL,DD,Away,field,Green Park,279,139,Away
634,2017_51,2017,MI,KXIP,Home,field,Wankhede Stadium,75,58,Away
635,2017_52,2017,DD,RPS,Home,bat,Arun Jaitley Stadium,136,279,Home
636,2017_53,2017,GL,SRH,Away,field,Green Park,273,139,Away
637,2017_54,2017,KKR,MI,Home,field,Eden Gardens,22,298,Away
638,2017_55,2017,RPS,KXIP,Home,field,Maharashtra Cricket Association Stadium,75,136,Home
639,2017_56,2017,DD,RCB,Away,bat,Arun Jaitley Stadium,91,279,Away
640,2017_57,2017,MI,RPS,Home,field,Wankhede Stadium,136,58,Away
641,2017_58,2017,SRH,KKR,Away,field,M.Chinnaswamy Stadium,201,273,Away
642,2017_59,2017,KKR,MI,Away,field,M.Chinnaswamy Stadium,58,134,Away
643,2017_60,2017,MI,RPS,Home,bat,Rajiv Gandhi International Stadium,136,58,Home
644,2018_1,2018,MI,CSK,Away,field,Wankhede Stadium,318,124,Away
645,2018_2,2018,KXIP,DD,Home,field,Punjab Cricket Association IS Bindra Stadium,36,272,Home
646,2018_3,2018,KKR,RCB,Home,field,Eden Gardens,63,379,Home
647,2018_4,2018,SRH,RR,Home,field,Rajiv Gandhi International Stadium,125,61,Home
648,2018_5,2018,CSK,KKR,Home,field,MA Chidambaram Stadium,210,318,Home
649,2018_6,2018,RR,DD,Away,field,Sawai Mansingh Stadium,126,125,Home
650,2018_7,2018,SRH,MI,Home,field,Rajiv Gandhi International Stadium,124,61,Home
651,2018_8,2018,RCB,KXIP,Home,field,M.Chinnaswamy Stadium,272,103,Home
652,2018_9,2018,MI,DD,Away,field,Wankhede Stadium,57,228,Away
653,2018_10,2018,KKR,SRH,Away,field,Eden Gardens,61,161,Away
654,2018_11,2018,RCB,RR,Home,field,M.Chinnaswamy Stadium,125,63,Away
655,2018_12,2018,KXIP,CSK,Away,field,Punjab Cricket Association IS Bindra Stadium,318,401,Home
656,2018_13,2018,KKR,DD,Away,field,Eden Gardens,26,210,Home
657,2018_14,2018,MI,RCB,Away,field,Wankhede Stadium,213,228,Home
658,2018_15,2018,RR,KKR,Away,field,Sawai Mansingh Stadium,379,125,Away
659,2018_16,2018,KXIP,SRH,Home,bat,Punjab Cricket Association IS Bindra Stadium,61,401,Home
660,2018_17,2018,CSK,RR,Away,field,Maharashtra Cricket Association Stadium,125,318,Home
661,2018_18,2018,KKR,KXIP,Away,field,Eden Gardens,401,210,Away
662,2018_19,2018,RCB,DD,Home,field,M.Chinnaswamy Stadium,57,103,Home
663,2018_20,2018,SRH,CSK,Home,field,Rajiv Gandhi International Stadium,318,0,Away
664,2018_21,2018,RR,MI,Away,bat,Sawai Mansingh Stadium,228,125,Home
665,2018_22,2018,DD,KXIP,Home,field,Arun Jaitley Stadium,280,112,Away
666,2018_23,2018,MI,SRH,Home,field,Wankhede Stadium,226,228,Away
667,2018_24,2018,RCB,CSK,Away,field,M.Chinnaswamy Stadium,318,103,Away
668,2018_25,2018,SRH,KXIP,Away,field,Rajiv Gandhi International Stadium,401,226,Home
669,2018_26,2018,DD,KKR,Away,field,Arun Jaitley Stadium,210,112,Home
670,2018_27,2018,CSK,MI,Away,field,Maharashtra Cricket Association Stadium,228,318,Away
671,2018_28,2018,RR,SRH,Away,bat,Sawai Mansingh Stadium,58,125,Away
672,2018_29,2018,RCB,KKR,Away,field,M.Chinnaswamy Stadium,210,103,Away
673,2018_30,2018,CSK,DD,Away,field,Maharashtra Cricket Association Stadium,112,318,Home
674,2018_31,2018,RCB,MI,Away,field,M.Chinnaswamy Stadium,228,19,Home
675,2018_32,2018,DD,RR,Away,field,Arun Jaitley Stadium,61,112,Home
676,2018_33,2018,KKR,CSK,Home,field,Eden Gardens,318,210,Home
677,2018_34,2018,KXIP,MI,Away,field,Holkar Cricket Stadium,228,425,Away
678,2018_35,2018,CSK,RCB,Home,field,Maharashtra Cricket Association Stadium,347,318,Home
679,2018_36,2018,SRH,DD,Away,bat,Rajiv Gandhi International Stadium,112,58,Home
680,2018_37,2018,MI,KKR,Away,field,Wankhede Stadium,210,228,Home
681,2018_38,2018,KXIP,RR,Home,field,Holkar Cricket Stadium,228,401,Home
682,2018_39,2018,SRH,RCB,Away,field,Rajiv Gandhi International Stadium,19,58,Home
683,2018_40,2018,RR,KXIP,Home,bat,Sawai Mansingh Stadium,401,125,Home
684,2018_41,2018,KKR,MI,Home,field,Eden Gardens,228,379,Away
685,2018_42,2018,DD,SRH,Home,bat,Arun Jaitley Stadium,58,112,Away
686,2018_43,2018,RR,CSK,Away,bat,Sawai Mansingh Stadium,318,228,Home
687,2018_44,2018,KXIP,KKR,Home,field,Holkar Cricket Stadium,210,401,Away
688,2018_45,2018,DD,RCB,Away,field,Arun Jaitley Stadium,71,112,Away
689,2018_46,2018,CSK,SRH,Home,field,Maharashtra Cricket Association Stadium,226,318,Home
690,2018_47,2018,MI,RR,Away,field,Wankhede Stadium,61,228,Away
691,2018_48,2018,KXIP,RCB,Away,field,Holkar Cricket Stadium,284,401,Away
692,2018_49,2018,KKR,RR,Home,field,Eden Gardens,83,379,Home
693,2018_50,2018,MI,KXIP,Away,field,Wankhede Stadium,401,228,Home
694,2018_51,2018,RCB,SRH,Away,field,M.Chinnaswamy Stadium,226,284,Home
695,2018_52,2018,DD,CSK,Away,field,Arun Jaitley Stadium,318,112,Home
696,2018_53,2018,RR,RCB,Home,bat,Sawai Mansingh Stadium,284,83,Home
697,2018_54,2018,SRH,KKR,Home,bat,Rajiv Gandhi International Stadium,210,226,Away
698,2018_55,2018,DD,MI,Home,bat,Arun Jaitley Stadium,228,112,Home
699,2018_56,2018,CSK,KXIP,Home,field,Maharashtra Cricket Association Stadium,401,256,Home
700,2018_57,2018,SRH,CSK,Away,field,Wankhede Stadium,318,226,Away
701,2018_58,2018,KKR,RR,Away,field,Eden Gardens,125,379,Home
702,2018_59,2018,KKR,SRH,Home,field,Eden Gardens,61,210,Away
703,2018_60,2018,SRH,CSK,Away,field,Wankhede Stadium,318,31,Away
704,2019_1,2019,CSK,RCB,Home,field,MA Chidambaram Stadium,348,190,Home
705,2019_2,2019,KKR,SRH,Home,field,Eden Gardens,221,182,Home
706,2019_3,2019,MI,DD,Home,field,Wankhede Stadium,149,175,Away
707,2019_4,2019,RR,KXIP,Home,field,Sawai Mansingh Stadium,227,156,Away
708,2019_5,2019,DD,CSK,Home,bat,Arun Jaitley Stadium,190,149,Away
709,2019_6,2019,KKR,KXIP,Away,field,Eden Gardens,227,182,Home
710,2019_7,2019,RCB,MI,Home,field,M.Chinnaswamy Stadium,247,175,Away
711,2019_8,2019,SRH,RR,Away,bat,Rajiv Gandhi International Stadium,156,221,Home
712,2019_9,2019,KXIP,MI,Home,field,Punjab Cricket Association IS Bindra Stadium,175,227,Home
713,2019_10,2019,DD,KKR,Home,field,Arun Jaitley Stadium,2,149,Home
714,2019_11,2019,SRH,RCB,Away,field,Rajiv Gandhi International Stadium,175,210,Home
715,2019_12,2019,CSK,RR,Away,field,MA Chidambaram Stadium,156,89,Home
716,2019_13,2019,KXIP,DD,Away,field,Punjab Cricket Association IS Bindra Stadium,149,370,Home
717,2019_14,2019,RR,RCB,Home,field,Sawai Mansingh Stadium,348,156,Home
718,2019_15,2019,MI,CSK,Away,field,Wankhede Stadium,190,247,Home
719,2019_16,2019,DD,SRH,Away,field,Arun Jaitley Stadium,221,149,Away
720,2019_17,2019,RCB,KKR,Away,field,M.Chinnaswamy Stadium,182,348,Away
721,2019_18,2019,CSK,KXIP,Home,bat,MA Chidambaram Stadium,227,190,Home
722,2019_19,2019,SRH,MI,Home,field,Rajiv Gandhi International Stadium,175,221,Away
723,2019_20,2019,RCB,DD,Away,field,M.Chinnaswamy Stadium,149,348,Away
724,2019_21,2019,RR,KKR,Away,field,Sawai Mansingh Stadium,182,156,Away
725,2019_22,2019,KXIP,SRH,Home,field,Punjab Cricket Association IS Bindra Stadium,221,227,Home
726,2019_23,2019,CSK,KKR,Home,field,MA Chidambaram Stadium,182,190,Home
727,2019_24,2019,MI,KXIP,Home,field,Wankhede Stadium,227,247,Home
728,2019_25,2019,RR,CSK,Away,field,Sawai Mansingh Stadium,190,156,Away
729,2019_26,2019,KKR,DD,Away,field,Eden Gardens,149,0,Away
730,2019_27,2019,MI,RR,Away,field,Wankhede Stadium,156,175,Away
731,2019_28,2019,KXIP,RCB,Away,field,Punjab Cricket Association IS Bindra Stadium,348,227,Away
732,2019_29,2019,KKR,CSK,Away,field,Eden Gardens,190,182,Away
733,2019_30,2019,SRH,DD,Home,field,Rajiv Gandhi International Stadium,149,221,Away
734,2019_31,2019,MI,RCB,Home,field,Wankhede Stadium,348,247,Home
735,2019_32,2019,KXIP,RR,Away,field,Punjab Cricket Association IS Bindra Stadium,47,227,Home
736,2019_33,2019,SRH,CSK,Away,bat,Rajiv Gandhi International Stadium,190,221,Home
737,2019_34,2019,DD,MI,Away,bat,Arun Jaitley Stadium,175,149,Away
738,2019_35,2019,KKR,RCB,Home,field,Eden Gardens,348,182,Away
739,2019_36,2019,RR,MI,Home,field,Sawai Mansingh Stadium,247,156,Home
740,2019_37,2019,DD,KXIP,Home,field,Arun Jaitley Stadium,227,149,Home
741,2019_38,2019,SRH,KKR,Home,field,Rajiv Gandhi International Stadium,182,221,Home
742,2019_39,2019,RCB,CSK,Away,field,M.Chinnaswamy Stadium,190,348,Home
743,2019_40,2019,RR,DD,Away,field,Sawai Mansingh Stadium,149,156,Away
744,2019_41,2019,CSK,SRH,Home,field,MA Chidambaram Stadium,221,190,Home
745,2019_42,2019,RCB,KXIP,Away,field,M.Chinnaswamy Stadium,227,348,Home
746,2019_43,2019,KKR,RR,Away,field,Eden Gardens,156,182,Away
747,2019_44,2019,CSK,MI,Home,field,MA Chidambaram Stadium,175,21,Away
748,2019_45,2019,RR,SRH,Home,field,Sawai Mansingh Stadium,221,156,Home
749,2019_46,2019,DD,RCB,Home,bat,Arun Jaitley Stadium,348,149,Home
750,2019_47,2019,KKR,MI,Away,field,Eden Gardens,247,105,Home
751,2019_48,2019,SRH,KXIP,Away,field,Rajiv Gandhi International Stadium,227,221,Home
752,2019_49,2019,RCB,RR,Away,field,M.Chinnaswamy Stadium,128,173,Tie
753,2019_50,2019,CSK,DD,Away,field,MA Chidambaram Stadium,149,172,Home
754,2019_51,2019,MI,SRH,Home,bat,Wankhede Stadium,48,175,Home
755,2019_52,2019,KXIP,KKR,Away,field,Punjab Cricket Association IS Bindra Stadium,105,231,Away
756,2019_53,2019,DD,RR,Away,bat,Arun Jaitley Stadium,156,149,Home
757,2019_54,2019,RCB,SRH,Home,field,M.Chinnaswamy Stadium,48,348,Home
758,2019_55,2019,KXIP,CSK,Home,field,Punjab Cricket Association IS Bindra Stadium,172,227,Home
759,2019_56,2019,MI,KKR,Home,field,Wankhede Stadium,105,247,Home
760,2019_57,2019,CSK,MI,Home,bat,MA Chidambaram Stadium,175,172,Away
761,2019_58,2019,SRH,DD,Away,field,Dr. Y.S. Rajasekhara Reddy ACA-VDCA Cricket Stadium,149,48,Away
762,2019_59,2019,DD,CSK,Away,field,Dr. Y.S. Rajasekhara Reddy ACA-VDCA Cricket Stadium,172,149,Away
763,2019_60,2019,MI,CSK,Home,bat,Rajiv Gandhi International Stadium,172,247,Home
